Plot,ID,Survey Date,Species,Land Use,DBH 1 (cm),DBH 1: Height (m),DBH 1: Measured?,DBH 2 (cm),DBH 2: Height (m),DBH 2: Measured?,DBH 3 (cm),DBH 3: Height (m),DBH 3: Measured?,DBH 4 (cm),DBH 4: Height (m),DBH 4: Measured?,DBH 5 (cm),DBH 5: Height (m),DBH 5: Measured?,DBH 6 (cm),DBH 6: Height (m),DBH 6: Measured?,Crown: Condition,Total Height (m),Comments
1,1,6/21/2021,European hackberry (Celtis australis),Forest,66.8,,TRUE,,,TRUE,,,TRUE,,,TRUE,,,TRUE,,,TRUE,90% - 95%,21,"Aem. Presenza di Edera Helix, rampicante."
1,2,6/21/2021,European hackberry (Celtis australis),Forest,57.3,,TRUE,,,TRUE,,,TRUE,,,TRUE,,,TRUE,,,TRUE,70% - 75%,22,"Aem. Presenza di Edera Helix, rampicante."
1,3,6/21/2021,European hackberry (Celtis australis),Forest,63.7,,TRUE,,,TRUE,,,TRUE,,,TRUE,,,TRUE,,,TRUE,65% - 70%,20,"Aem. Presenza di Edera Helix, rampicante."
1,4,6/21/2021,Sweet cherry (Prunus avium),Forest,7.6,,TRUE,,,TRUE,,,TRUE,,,TRUE,,,TRUE,,,TRUE,100%,8,
1,5,6/21/2021,Sweet cherry (Prunus avium),Forest,8.9,,TRUE,,,TRUE,,,TRUE,,,TRUE,,,TRUE,,,TRUE,100%,8,
1,6,6/21/2021,Field elm (Ulmus minor),Forest,11.5,,TRUE,,,TRUE,,,TRUE,,,TRUE,,,TRUE,,,TRUE,100%,7,
1,7,6/21/2021,European black elderberry (Sambucus nigra),Forest,8.3,,TRUE,,,TRUE,,,TRUE,,,TRUE,,,TRUE,,,TRUE,90% - 95%,4.5,
1,8,6/21/2021,European hackberry (Celtis australis),Forest,89.1,,TRUE,,,TRUE,,,TRUE,,,TRUE,,,TRUE,,,TRUE,95% - 99%,23,"Aem. Presenza di Edera Helix, rampicante."
1,9,6/21/2021,European hackberry (Celtis australis),Forest,76.4,,TRUE,,,TRUE,,,TRUE,,,TRUE,,,TRUE,,,TRUE,85% - 90%,20,"Aem. Presenza di Edera Helix, rampicante."
1,10,6/21/2021,European hackberry (Celtis australis),Forest,68.4,,TRUE,,,TRUE,,,TRUE,,,TRUE,,,TRUE,,,TRUE,85% - 90%,20,"Aem. Presenza di Edera Helix, rampicante."
2,1,6/21/2021,Black locust (Robinia pseudoacacia),Forest,15.9,,TRUE,,,TRUE,,,TRUE,,,TRUE,,,TRUE,,,TRUE,100%,9,Edera
2,2,6/21/2021,Black locust (Robinia pseudoacacia),Forest,7,,TRUE,,,TRUE,,,TRUE,,,TRUE,,,TRUE,,,TRUE,100%,7,
2,3,6/21/2021,Black locust (Robinia pseudoacacia),Forest,7.3,,TRUE,,,TRUE,,,TRUE,,,TRUE,,,TRUE,,,TRUE,15% - 20%,4,
2,4,6/21/2021,Black locust (Robinia pseudoacacia),Forest,12.7,,TRUE,,,TRUE,,,TRUE,,,TRUE,,,TRUE,,,TRUE,85% - 90%,12,
2,5,6/21/2021,European hackberry (Celtis australis),Forest,2.9,,TRUE,2.5,,TRUE,2.5,,TRUE,,,TRUE,,,TRUE,,,TRUE,70% - 75%,4,
2,6,6/21/2021,Black locust (Robinia pseudoacacia),Forest,7.3,,TRUE,,,TRUE,,,TRUE,,,TRUE,,,TRUE,,,TRUE,100%,6.5,
2,7,6/21/2021,Black locust (Robinia pseudoacacia),Forest,12.7,,TRUE,,,TRUE,,,TRUE,,,TRUE,,,TRUE,,,TRUE,90% - 95%,12,
2,8,6/21/2021,Field elm (Ulmus minor),Forest,15.3,,TRUE,15.9,,TRUE,22.3,,TRUE,2.5,,TRUE,,,TRUE,,,TRUE,75% - 80%,10,Edera
2,9,6/21/2021,Tree of heaven (Ailanthus altissima),Forest,8.6,,TRUE,,,TRUE,,,TRUE,,,TRUE,,,TRUE,,,TRUE,90% - 95%,7,Edera
2,10,6/21/2021,European hackberry (Celtis australis),Forest,8.9,,TRUE,,,TRUE,,,TRUE,,,TRUE,,,TRUE,,,TRUE,85% - 90%,8,
2,11,6/21/2021,European hackberry (Celtis australis),Forest,9.9,,TRUE,,,TRUE,,,TRUE,,,TRUE,,,TRUE,,,TRUE,90% - 95%,7,
2,12,6/21/2021,Tree of heaven (Ailanthus altissima),Forest,9.2,,TRUE,,,TRUE,,,TRUE,,,TRUE,,,TRUE,,,TRUE,100%,6,
2,13,6/21/2021,Field elm (Ulmus minor),Forest,25.5,,TRUE,,,TRUE,,,TRUE,,,TRUE,,,TRUE,,,TRUE,75% - 80%,12,
2,14,6/21/2021,Field elm (Ulmus minor),Forest,7.3,,TRUE,,,TRUE,,,TRUE,,,TRUE,,,TRUE,,,TRUE,0%,4,
2,15,6/21/2021,European hackberry (Celtis australis),Forest,6.7,,TRUE,,,TRUE,,,TRUE,,,TRUE,,,TRUE,,,TRUE,60% - 65%,9,
2,16,6/21/2021,Tree of heaven (Ailanthus altissima),Forest,8.3,,TRUE,,,TRUE,,,TRUE,,,TRUE,,,TRUE,,,TRUE,70% - 75%,8,
2,17,6/21/2021,European hackberry (Celtis australis),Forest,35,,TRUE,,,TRUE,,,TRUE,,,TRUE,,,TRUE,,,TRUE,75% - 80%,15,
2,18,6/21/2021,Field elm (Ulmus minor),Forest,79.6,,TRUE,,,TRUE,,,TRUE,,,TRUE,,,TRUE,,,TRUE,85% - 90%,22,Edera
2,19,6/21/2021,European hackberry (Celtis australis),Forest,7.3,,TRUE,10.2,,TRUE,17.5,,TRUE,10.5,,TRUE,,,TRUE,,,TRUE,75% - 80%,7,
2,20,6/21/2021,European hackberry (Celtis australis),Forest,7.3,,TRUE,,,TRUE,,,TRUE,,,TRUE,,,TRUE,,,TRUE,75% - 80%,7,
2,21,6/21/2021,Common plum (Prunus domestica),Forest,6.4,,TRUE,9.6,,TRUE,,,TRUE,,,TRUE,,,TRUE,,,TRUE,85% - 90%,5,Susine rosse
2,22,6/21/2021,Black locust (Robinia pseudoacacia),Forest,12.7,,TRUE,,,TRUE,,,TRUE,,,TRUE,,,TRUE,,,TRUE,100%,10,Edera
2,23,6/21/2021,Black locust (Robinia pseudoacacia),Forest,19.7,,TRUE,,,TRUE,,,TRUE,,,TRUE,,,TRUE,,,TRUE,85% - 90%,12,
2,24,6/21/2021,Black locust (Robinia pseudoacacia),Forest,15,,TRUE,,,TRUE,,,TRUE,,,TRUE,,,TRUE,,,TRUE,85% - 90%,13,Edera
2,25,6/21/2021,Sweet cherry (Prunus avium),Forest,7.3,,TRUE,,,TRUE,,,TRUE,,,TRUE,,,TRUE,,,TRUE,100%,7,
2,26,6/21/2021,Black locust (Robinia pseudoacacia),Forest,14.6,,TRUE,,,TRUE,,,TRUE,,,TRUE,,,TRUE,,,TRUE,90% - 95%,12,
4,1,6/21/2021,European hackberry (Celtis australis),Forest,7.3,,TRUE,9.6,,TRUE,,,TRUE,,,TRUE,,,TRUE,,,TRUE,100%,7,
4,2,6/21/2021,European hackberry (Celtis australis),Forest,6.7,,TRUE,,,TRUE,,,TRUE,,,TRUE,,,TRUE,,,TRUE,100%,6,
4,3,6/21/2021,Black locust (Robinia pseudoacacia),Forest,6.7,,TRUE,,,TRUE,,,TRUE,,,TRUE,,,TRUE,,,TRUE,30% - 35%,13,
4,4,6/21/2021,Black locust (Robinia pseudoacacia),Forest,34.4,,TRUE,,,TRUE,,,TRUE,,,TRUE,,,TRUE,,,TRUE,100%,14,
4,5,6/21/2021,Black locust (Robinia pseudoacacia),Forest,43,,TRUE,,,TRUE,,,TRUE,,,TRUE,,,TRUE,,,TRUE,90% - 95%,16,
4,6,6/21/2021,European hackberry (Celtis australis),Forest,6.4,,TRUE,,,TRUE,,,TRUE,,,TRUE,,,TRUE,,,TRUE,80% - 85%,7,
4,7,6/21/2021,Black locust (Robinia pseudoacacia),Forest,6.4,,TRUE,,,TRUE,,,TRUE,,,TRUE,,,TRUE,,,TRUE,75% - 80%,7,
4,8,6/21/2021,Black locust (Robinia pseudoacacia),Forest,6.4,,TRUE,,,TRUE,,,TRUE,,,TRUE,,,TRUE,,,TRUE,85% - 90%,7,"Presenza di Edera rampicante
"
4,9,6/21/2021,Black locust (Robinia pseudoacacia),Forest,28.6,,TRUE,,,TRUE,,,TRUE,,,TRUE,,,TRUE,,,TRUE,70% - 75%,12,Edera rampicante
4,10,6/21/2021,Black locust (Robinia pseudoacacia),Forest,14,,TRUE,,,TRUE,,,TRUE,,,TRUE,,,TRUE,,,TRUE,75% - 80%,10,"Edera rampicante
"
4,11,6/21/2021,European hackberry (Celtis australis),Forest,8.3,,TRUE,,,TRUE,,,TRUE,,,TRUE,,,TRUE,,,TRUE,100%,7,
4,12,6/21/2021,Black locust (Robinia pseudoacacia),Forest,10.2,,TRUE,14.3,,TRUE,,,TRUE,,,TRUE,,,TRUE,,,TRUE,85% - 90%,10,
4,13,6/21/2021,Black locust (Robinia pseudoacacia),Forest,7,,TRUE,,,TRUE,,,TRUE,,,TRUE,,,TRUE,,,TRUE,65% - 70%,5,"Vite canadese rampicante
"
4,14,6/21/2021,Black locust (Robinia pseudoacacia),Forest,14.3,,TRUE,,,TRUE,,,TRUE,,,TRUE,,,TRUE,,,TRUE,75% - 80%,7,Edera
4,15,6/21/2021,Black locust (Robinia pseudoacacia),Forest,7.3,,TRUE,,,TRUE,,,TRUE,,,TRUE,,,TRUE,,,TRUE,100%,6,
4,16,6/21/2021,Black locust (Robinia pseudoacacia),Forest,12.7,,TRUE,,,TRUE,,,TRUE,,,TRUE,,,TRUE,,,TRUE,60% - 65%,9,
4,17,6/21/2021,Black locust (Robinia pseudoacacia),Forest,12.7,,TRUE,,,TRUE,,,TRUE,,,TRUE,,,TRUE,,,TRUE,95% - 99%,8,Edera
4,18,6/21/2021,Black locust (Robinia pseudoacacia),Forest,14.3,,TRUE,,,TRUE,,,TRUE,,,TRUE,,,TRUE,,,TRUE,75% - 80%,12,Edera
4,19,6/21/2021,European hackberry (Celtis australis),Forest,9.6,,TRUE,14.3,,TRUE,15.9,,TRUE,,,TRUE,,,TRUE,,,TRUE,100%,8,
4,20,6/21/2021,Black locust (Robinia pseudoacacia),Forest,43.6,,TRUE,,,TRUE,,,TRUE,,,TRUE,,,TRUE,,,TRUE,85% - 90%,15,
4,21,6/21/2021,European hackberry (Celtis australis),Forest,6.7,,TRUE,,,TRUE,,,TRUE,,,TRUE,,,TRUE,,,TRUE,80% - 85%,7,Edera
4,22,6/21/2021,Black locust (Robinia pseudoacacia),Forest,10.5,,TRUE,6.1,,TRUE,,,TRUE,,,TRUE,,,TRUE,,,TRUE,55% - 60%,9,Edera
4,23,6/21/2021,Black locust (Robinia pseudoacacia),Forest,54.1,,TRUE,,,TRUE,,,TRUE,,,TRUE,,,TRUE,,,TRUE,85% - 90%,20,
4,24,6/21/2021,European hackberry (Celtis australis),Forest,8.9,,TRUE,,,TRUE,,,TRUE,,,TRUE,,,TRUE,,,TRUE,95% - 99%,8,
4,25,6/21/2021,European hackberry (Celtis australis),Forest,6.4,,TRUE,,,TRUE,,,TRUE,,,TRUE,,,TRUE,,,TRUE,85% - 90%,7,
4,26,6/21/2021,Oneseed hawthorn (Crataegus monogyna),Forest,12.7,,TRUE,,,TRUE,,,TRUE,,,TRUE,,,TRUE,,,TRUE,85% - 90%,5,Edera
4,27,6/21/2021,Black locust (Robinia pseudoacacia),Forest,39.8,,TRUE,,,TRUE,,,TRUE,,,TRUE,,,TRUE,,,TRUE,80% - 85%,14,
4,28,6/21/2021,Black locust (Robinia pseudoacacia),Forest,45.8,,TRUE,,,TRUE,,,TRUE,,,TRUE,,,TRUE,,,TRUE,75% - 80%,15,
4,29,6/21/2021,European hackberry (Celtis australis),Forest,8,,TRUE,,,TRUE,,,TRUE,,,TRUE,,,TRUE,,,TRUE,85% - 90%,8,
4,30,6/21/2021,European hackberry (Celtis australis),Forest,6.4,,TRUE,,,TRUE,,,TRUE,,,TRUE,,,TRUE,,,TRUE,85% - 90%,7,
4,31,6/21/2021,European hackberry (Celtis australis),Forest,15.3,,TRUE,10.2,,TRUE,,,TRUE,,,TRUE,,,TRUE,,,TRUE,85% - 90%,8,
4,32,6/21/2021,European hackberry (Celtis australis),Forest,6.7,,TRUE,,,TRUE,,,TRUE,,,TRUE,,,TRUE,,,TRUE,85% - 90%,6,
4,33,6/21/2021,European hackberry (Celtis australis),Forest,8,,TRUE,,,TRUE,,,TRUE,,,TRUE,,,TRUE,,,TRUE,80% - 85%,6,
4,34,6/21/2021,European hackberry (Celtis australis),Forest,10.2,,TRUE,,,TRUE,,,TRUE,,,TRUE,,,TRUE,,,TRUE,85% - 90%,10,
4,35,6/21/2021,Black locust (Robinia pseudoacacia),Forest,14.6,,TRUE,,,TRUE,,,TRUE,,,TRUE,,,TRUE,,,TRUE,90% - 95%,10,
4,36,6/21/2021,European hackberry (Celtis australis),Forest,11.1,,TRUE,,,TRUE,,,TRUE,,,TRUE,,,TRUE,,,TRUE,90% - 95%,9,
5,1,6/19/2021,Black poplar (Populus nigra),Forest,44,,TRUE,,,TRUE,,,TRUE,,,TRUE,,,TRUE,,,TRUE,100%,8,
5,2,6/19/2021,Black poplar (Populus nigra),Forest,45,,TRUE,,,TRUE,,,TRUE,,,TRUE,,,TRUE,,,TRUE,100%,9,
5,3,6/19/2021,European hackberry (Celtis australis),Forest,46,,TRUE,,,TRUE,,,TRUE,,,TRUE,,,TRUE,,,TRUE,70% - 75%,4.5,
5,4,6/19/2021,European hackberry (Celtis australis),Forest,14,,TRUE,18,,TRUE,11,,TRUE,14,,TRUE,8,,TRUE,,,TRUE,70% - 75%,5,
5,5,6/19/2021,European hackberry (Celtis australis),Forest,21,,TRUE,,,TRUE,,,TRUE,,,TRUE,,,TRUE,,,TRUE,45% - 50%,4.5,
5,6,6/19/2021,Black poplar (Populus nigra),Forest,60,,TRUE,30,,TRUE,18,,TRUE,,,TRUE,,,TRUE,,,TRUE,100%,7,Sviluppato come arbusto.
5,7,6/19/2021,Field elm (Ulmus minor),Forest,52,,TRUE,,,TRUE,,,TRUE,,,TRUE,,,TRUE,,,TRUE,85% - 90%,7,
5,8,6/19/2021,Black poplar (Populus nigra),Forest,47,,TRUE,46,,TRUE,,,TRUE,,,TRUE,,,TRUE,,,TRUE,90% - 95%,10,
6,1,6/21/2021,Clammy locust (Robinia viscosa),Forest,12.1,,TRUE,,,TRUE,,,TRUE,,,TRUE,,,TRUE,,,TRUE,100%,6,
6,2,6/21/2021,Oneseed hawthorn (Crataegus monogyna),Forest,18.1,,TRUE,,,TRUE,,,TRUE,,,TRUE,,,TRUE,,,TRUE,100%,5,
6,3,6/21/2021,Field elm (Ulmus minor),Forest,35.3,,TRUE,,,TRUE,,,TRUE,,,TRUE,,,TRUE,,,TRUE,85% - 90%,15,Edera
6,4,6/21/2021,Field elm (Ulmus minor),Forest,6.7,,TRUE,,,TRUE,,,TRUE,,,TRUE,,,TRUE,,,TRUE,70% - 75%,8,
6,5,6/21/2021,Field elm (Ulmus minor),Forest,8.9,,TRUE,,,TRUE,,,TRUE,,,TRUE,,,TRUE,,,TRUE,70% - 75%,10,
6,6,6/21/2021,Littleleaf linden (Tilia cordata),Forest,9.2,,TRUE,,,TRUE,,,TRUE,,,TRUE,,,TRUE,,,TRUE,90% - 95%,5,
6,7,6/21/2021,European hackberry (Celtis australis),Forest,12.7,,TRUE,,,TRUE,,,TRUE,,,TRUE,,,TRUE,,,TRUE,65% - 70%,9,Presenza di Clematide rampicante
6,8,6/21/2021,White mulberry (Morus alba),Forest,9.6,,TRUE,,,TRUE,,,TRUE,,,TRUE,,,TRUE,,,TRUE,75% - 80%,8,
6,9,6/21/2021,Field elm (Ulmus minor),Forest,7.6,,TRUE,,,TRUE,,,TRUE,,,TRUE,,,TRUE,,,TRUE,90% - 95%,7,
6,10,6/21/2021,Black locust (Robinia pseudoacacia),Forest,9.6,,TRUE,,,TRUE,,,TRUE,,,TRUE,,,TRUE,,,TRUE,100%,6,
6,11,6/21/2021,Black locust (Robinia pseudoacacia),Forest,11.1,,TRUE,,,TRUE,,,TRUE,,,TRUE,,,TRUE,,,TRUE,100%,8,
6,12,6/21/2021,Black locust (Robinia pseudoacacia),Forest,6.4,,TRUE,,,TRUE,,,TRUE,,,TRUE,,,TRUE,,,TRUE,100%,7,
6,13,6/21/2021,Clammy locust (Robinia viscosa),Forest,29.6,,TRUE,,,TRUE,,,TRUE,,,TRUE,,,TRUE,,,TRUE,85% - 90%,13,
6,14,6/21/2021,Clammy locust (Robinia viscosa),Forest,22.3,,TRUE,,,TRUE,,,TRUE,,,TRUE,,,TRUE,,,TRUE,90% - 95%,13,
7,1,6/25/2021,Black locust (Robinia pseudoacacia),Forest,59.2,,TRUE,5.4,,TRUE,,,TRUE,,,TRUE,,,TRUE,,,TRUE,100%,17,
7,2,6/25/2021,European hackberry (Celtis australis),Forest,12.1,,TRUE,,,TRUE,,,TRUE,,,TRUE,,,TRUE,,,TRUE,100%,10,
7,3,6/25/2021,Black locust (Robinia pseudoacacia),Forest,24.8,,TRUE,,,TRUE,,,TRUE,,,TRUE,,,TRUE,,,TRUE,95% - 99%,15,
7,4,6/25/2021,European hackberry (Celtis australis),Forest,10.2,,TRUE,7,,TRUE,8,,TRUE,,,TRUE,,,TRUE,,,TRUE,100%,12,Intrecciato con Robinia n.3
7,5,6/25/2021,European black elderberry (Sambucus nigra),Forest,8.3,,TRUE,,,TRUE,,,TRUE,,,TRUE,,,TRUE,,,TRUE,50% - 55%,3.6,
7,6,6/25/2021,European hackberry (Celtis australis),Forest,12.1,,TRUE,,,TRUE,,,TRUE,,,TRUE,,,TRUE,,,TRUE,100%,8.5,
7,7,6/25/2021,European hackberry (Celtis australis),Forest,8.6,,TRUE,,,TRUE,,,TRUE,,,TRUE,,,TRUE,,,TRUE,100%,7.5,
7,8,6/25/2021,Black locust (Robinia pseudoacacia),Forest,15.3,,TRUE,,,TRUE,,,TRUE,,,TRUE,,,TRUE,,,TRUE,100%,12,
7,9,6/25/2021,hackberry spp (Celtis),Forest,7.6,,TRUE,,,TRUE,,,TRUE,,,TRUE,,,TRUE,,,TRUE,100%,6.5,
7,10,6/25/2021,Black locust (Robinia pseudoacacia),Forest,15,,TRUE,,,TRUE,,,TRUE,,,TRUE,,,TRUE,,,TRUE,100%,12,
7,11,6/25/2021,Black locust (Robinia pseudoacacia),Forest,27.4,,TRUE,,,TRUE,,,TRUE,,,TRUE,,,TRUE,,,TRUE,100%,16,
7,12,6/25/2021,European hackberry (Celtis australis),Forest,7,,TRUE,,,TRUE,,,TRUE,,,TRUE,,,TRUE,,,TRUE,100%,6,
7,13,6/25/2021,European hackberry (Celtis australis),Forest,8.9,,TRUE,,,TRUE,,,TRUE,,,TRUE,,,TRUE,,,TRUE,100%,6,
7,14,6/25/2021,Black locust (Robinia pseudoacacia),Forest,22.9,,TRUE,,,TRUE,,,TRUE,,,TRUE,,,TRUE,,,TRUE,75% - 80%,11,
7,15,6/25/2021,European hackberry (Celtis australis),Forest,11.1,,TRUE,,,TRUE,,,TRUE,,,TRUE,,,TRUE,,,TRUE,90% - 95%,7.5,
7,16,6/25/2021,Black locust (Robinia pseudoacacia),Forest,82.8,,TRUE,,,TRUE,,,TRUE,,,TRUE,,,TRUE,,,TRUE,75% - 80%,18,
7,17,6/25/2021,European hackberry (Celtis australis),Forest,18.5,,TRUE,,,TRUE,,,TRUE,,,TRUE,,,TRUE,,,TRUE,85% - 90%,12,
7,18,6/25/2021,hackberry spp (Celtis),Forest,15.3,,TRUE,,,TRUE,,,TRUE,,,TRUE,,,TRUE,,,TRUE,90% - 95%,9,
7,19,6/25/2021,Black locust (Robinia pseudoacacia),Forest,44.9,,TRUE,,,TRUE,,,TRUE,,,TRUE,,,TRUE,,,TRUE,60% - 65%,18,
7,20,6/26/2021,European hackberry (Celtis australis),Forest,12.1,,TRUE,5.7,,TRUE,,,TRUE,,,TRUE,,,TRUE,,,TRUE,100%,10,
7,21,6/25/2021,European hackberry (Celtis australis),Forest,15.6,,TRUE,,,TRUE,,,TRUE,,,TRUE,,,TRUE,,,TRUE,100%,9,
7,22,6/26/2021,European hackberry (Celtis australis),Forest,9.6,,TRUE,,,TRUE,,,TRUE,,,TRUE,,,TRUE,,,TRUE,90% - 95%,10,
7,23,6/26/2021,European hackberry (Celtis australis),Forest,20,,TRUE,,,TRUE,,,TRUE,,,TRUE,,,TRUE,,,TRUE,85% - 90%,9,
7,24,6/26/2021,Black locust (Robinia pseudoacacia),Forest,43.3,,TRUE,31.2,,TRUE,,,TRUE,,,TRUE,,,TRUE,,,TRUE,70% - 75%,18,
7,25,6/26/2021,European hackberry (Celtis australis),Forest,11.1,,TRUE,,,TRUE,,,TRUE,,,TRUE,,,TRUE,,,TRUE,75% - 80%,7.5,
7,26,6/26/2021,European black elderberry (Sambucus nigra),Forest,8.3,,TRUE,9.6,,TRUE,8,,TRUE,6.4,,TRUE,6.4,,TRUE,8.3,,TRUE,50% - 55%,5,
7,27,6/26/2021,Black locust (Robinia pseudoacacia),Forest,46.2,,TRUE,49.3,,TRUE,24.5,,TRUE,,,TRUE,,,TRUE,,,TRUE,80% - 85%,20,
7,28,6/26/2021,European hackberry (Celtis australis),Forest,8,,TRUE,13.1,,TRUE,9.6,,TRUE,,,TRUE,,,TRUE,,,TRUE,75% - 80%,10,
7,29,6/26/2021,European hackberry (Celtis australis),Forest,12.4,,TRUE,9.6,,TRUE,7.3,,TRUE,7.6,,TRUE,,,TRUE,,,TRUE,85% - 90%,7,
7,30,6/26/2021,European hackberry (Celtis australis),Forest,12.7,,TRUE,,,TRUE,,,TRUE,,,TRUE,,,TRUE,,,TRUE,100%,9,
7,31,6/26/2021,English walnut (Juglans regia),Forest,9.6,,TRUE,,,TRUE,,,TRUE,,,TRUE,,,TRUE,,,TRUE,100%,8,
7,32,6/26/2021,European hackberry (Celtis australis),Forest,10.2,,TRUE,,,TRUE,,,TRUE,,,TRUE,,,TRUE,,,TRUE,75% - 80%,9,
7,33,6/26/2021,European hackberry (Celtis australis),Forest,14.6,,TRUE,,,TRUE,,,TRUE,,,TRUE,,,TRUE,,,TRUE,70% - 75%,10,
7,34,6/26/2021,European hackberry (Celtis australis),Forest,12.4,,TRUE,,,TRUE,,,TRUE,,,TRUE,,,TRUE,,,TRUE,90% - 95%,10,
7,35,6/26/2021,European hackberry (Celtis australis),Forest,22.3,,TRUE,,,TRUE,,,TRUE,,,TRUE,,,TRUE,,,TRUE,85% - 90%,10,
7,36,6/26/2021,European hackberry (Celtis australis),Forest,23.5,,TRUE,,,TRUE,,,TRUE,,,TRUE,,,TRUE,,,TRUE,90% - 95%,12,
7,37,6/26/2021,Oneseed hawthorn (Crataegus monogyna),Forest,6.4,,TRUE,,,TRUE,,,TRUE,,,TRUE,,,TRUE,,,TRUE,80% - 85%,2.5,
7,38,6/26/2021,European black elderberry (Sambucus nigra),Forest,7,,TRUE,4.5,,TRUE,,,TRUE,,,TRUE,,,TRUE,,,TRUE,50% - 55%,3.5,
7,39,6/26/2021,European black elderberry (Sambucus nigra),Forest,17.8,,TRUE,10.8,,TRUE,16.9,,TRUE,10.2,,TRUE,,,TRUE,,,TRUE,50% - 55%,6,
7,40,6/26/2021,European hackberry (Celtis australis),Forest,8.6,,TRUE,,,TRUE,,,TRUE,,,TRUE,,,TRUE,,,TRUE,90% - 95%,9,
7,41,6/26/2021,Black locust (Robinia pseudoacacia),Forest,36.6,,TRUE,,,TRUE,,,TRUE,,,TRUE,,,TRUE,,,TRUE,90% - 95%,16,
7,42,6/26/2021,European black elderberry (Sambucus nigra),Forest,8.6,,TRUE,,,TRUE,,,TRUE,,,TRUE,,,TRUE,,,TRUE,85% - 90%,2.5,
8,1,6/21/2021,Boxelder (Acer negundo),Forest,20.7,,TRUE,,,TRUE,,,TRUE,,,TRUE,,,TRUE,,,TRUE,100%,9,
8,2,6/21/2021,European black elderberry (Sambucus nigra),Forest,4.5,,TRUE,4.8,,TRUE,7,,TRUE,7.3,,TRUE,4.5,,TRUE,6.7,,TRUE,75% - 80%,4.5,
8,3,6/21/2021,Black locust (Robinia pseudoacacia),Forest,9.6,,TRUE,,,TRUE,,,TRUE,,,TRUE,,,TRUE,,,TRUE,100%,12,
8,4,6/21/2021,Black locust (Robinia pseudoacacia),Forest,41.4,,TRUE,,,TRUE,,,TRUE,,,TRUE,,,TRUE,,,TRUE,0%,14,
8,5,6/21/2021,Black locust (Robinia pseudoacacia),Forest,41.4,,TRUE,,,TRUE,,,TRUE,,,TRUE,,,TRUE,,,TRUE,0%,14,
8,6,6/21/2021,European hackberry (Celtis australis),Forest,10.8,,TRUE,10.8,,TRUE,7.6,,TRUE,,,TRUE,,,TRUE,,,TRUE,100%,10,
8,7,6/21/2021,Hedge maple (Acer campestre),Forest,25.8,,TRUE,,,TRUE,,,TRUE,,,TRUE,,,TRUE,,,TRUE,100%,15,
8,8,6/21/2021,European black elderberry (Sambucus nigra),Forest,9.6,,TRUE,3.8,,TRUE,5.7,,TRUE,8,,TRUE,,,TRUE,,,TRUE,90% - 95%,5,
8,9,6/21/2021,European black elderberry (Sambucus nigra),Forest,4.1,,TRUE,2.2,,TRUE,3.2,,TRUE,,,TRUE,,,TRUE,,,TRUE,40% - 45%,3,
8,10,6/21/2021,European black elderberry (Sambucus nigra),Forest,4.8,,TRUE,3.2,,TRUE,3.2,,TRUE,3.2,,TRUE,,,TRUE,,,TRUE,75% - 80%,5,
8,11,6/21/2021,European black elderberry (Sambucus nigra),Forest,5.4,,TRUE,4.5,,TRUE,1.3,,TRUE,,,TRUE,,,TRUE,,,TRUE,100%,6,
8,12,6/21/2021,European hackberry (Celtis australis),Forest,4.1,,TRUE,4.1,,TRUE,,,TRUE,,,TRUE,,,TRUE,,,TRUE,100%,5,
8,13,6/21/2021,White mulberry (Morus alba),Forest,8.6,,TRUE,10.5,,TRUE,,,TRUE,,,TRUE,,,TRUE,,,TRUE,85% - 90%,9,
8,14,6/21/2021,sycamore spp (Platanus),Forest,66.8,,TRUE,,,TRUE,,,TRUE,,,TRUE,,,TRUE,,,TRUE,100%,22,
8,15,6/21/2021,European black elderberry (Sambucus nigra),Forest,9.9,,TRUE,3.2,,TRUE,3.2,,TRUE,2.5,,TRUE,3.5,,TRUE,3.2,,TRUE,100%,5,
8,16,6/21/2021,European black elderberry (Sambucus nigra),Forest,6.4,,TRUE,,,TRUE,,,TRUE,,,TRUE,,,TRUE,,,TRUE,100%,2.5,
8,17,6/21/2021,European black elderberry (Sambucus nigra),Forest,4.8,,TRUE,2.5,,TRUE,2.2,,TRUE,1.6,,TRUE,2.5,,TRUE,0.9,,TRUE,80% - 85%,3,
9,1,6/23/2021,Field elm (Ulmus minor),Forest,19.1,,TRUE,,,TRUE,,,TRUE,,,TRUE,,,TRUE,,,TRUE,90% - 95%,12,Edera
9,2,6/23/2021,Black locust (Robinia pseudoacacia),Forest,20.7,,TRUE,,,TRUE,,,TRUE,,,TRUE,,,TRUE,,,TRUE,55% - 60%,12,Edera
9,3,6/23/2021,European hackberry (Celtis australis),Forest,20.7,,TRUE,,,TRUE,,,TRUE,,,TRUE,,,TRUE,,,TRUE,100%,10,
9,4,6/23/2021,European black elderberry (Sambucus nigra),Forest,9.6,,TRUE,4.8,,TRUE,4.8,,TRUE,,,TRUE,,,TRUE,,,TRUE,65% - 70%,7,
9,5,6/23/2021,European hackberry (Celtis australis),Forest,9.6,,TRUE,,,TRUE,,,TRUE,,,TRUE,,,TRUE,,,TRUE,100%,8,
9,6,6/23/2021,European hackberry (Celtis australis),Forest,8,,TRUE,9.6,,TRUE,,,TRUE,,,TRUE,,,TRUE,,,TRUE,35% - 40%,4,
9,7,6/23/2021,European black elderberry (Sambucus nigra),Forest,14.6,,TRUE,,,TRUE,,,TRUE,,,TRUE,,,TRUE,,,TRUE,75% - 80%,6,
9,8,6/23/2021,European black elderberry (Sambucus nigra),Forest,13.7,,TRUE,4.8,,TRUE,4.8,,TRUE,3.2,,TRUE,4.8,,TRUE,4.8,,TRUE,100%,6,
9,9,6/23/2021,Black locust (Robinia pseudoacacia),Forest,28,,TRUE,,,TRUE,,,TRUE,,,TRUE,,,TRUE,,,TRUE,85% - 90%,14,
9,10,6/23/2021,Black locust (Robinia pseudoacacia),Forest,15.9,,TRUE,,,TRUE,,,TRUE,,,TRUE,,,TRUE,,,TRUE,95% - 99%,10,
9,11,6/23/2021,European black elderberry (Sambucus nigra),Forest,8.6,,TRUE,,,TRUE,,,TRUE,,,TRUE,,,TRUE,,,TRUE,95% - 99%,4.5,
9,12,6/23/2021,Black locust (Robinia pseudoacacia),Forest,15.9,,TRUE,,,TRUE,,,TRUE,,,TRUE,,,TRUE,,,TRUE,85% - 90%,4,
9,13,6/23/2021,European black elderberry (Sambucus nigra),Forest,12.7,,TRUE,,,TRUE,,,TRUE,,,TRUE,,,TRUE,,,TRUE,85% - 90%,4.5,
9,14,6/23/2021,Black locust (Robinia pseudoacacia),Forest,14.6,,TRUE,,,TRUE,,,TRUE,,,TRUE,,,TRUE,,,TRUE,85% - 90%,10,
9,15,6/23/2021,European black elderberry (Sambucus nigra),Forest,6.4,,TRUE,,,TRUE,,,TRUE,,,TRUE,,,TRUE,,,TRUE,75% - 80%,2.5,
9,16,6/23/2021,Black locust (Robinia pseudoacacia),Forest,11.1,,TRUE,,,TRUE,,,TRUE,,,TRUE,,,TRUE,,,TRUE,60% - 65%,7,
9,17,6/23/2021,Black locust (Robinia pseudoacacia),Forest,25.5,,TRUE,,,TRUE,,,TRUE,,,TRUE,,,TRUE,,,TRUE,0%,17,
9,18,6/23/2021,European black elderberry (Sambucus nigra),Forest,10.8,,TRUE,7,,TRUE,,,TRUE,,,TRUE,,,TRUE,,,TRUE,90% - 95%,4,
9,19,6/23/2021,Black locust (Robinia pseudoacacia),Forest,28.3,,TRUE,,,TRUE,,,TRUE,,,TRUE,,,TRUE,,,TRUE,85% - 90%,10,
9,20,6/23/2021,Black locust (Robinia pseudoacacia),Forest,28.6,,TRUE,,,TRUE,,,TRUE,,,TRUE,,,TRUE,,,TRUE,90% - 95%,15,
9,21,6/23/2021,European black elderberry (Sambucus nigra),Forest,10.5,,TRUE,,,TRUE,,,TRUE,,,TRUE,,,TRUE,,,TRUE,100%,6,
9,22,6/23/2021,Black locust (Robinia pseudoacacia),Forest,25.5,,TRUE,,,TRUE,,,TRUE,,,TRUE,,,TRUE,,,TRUE,85% - 90%,12,
9,23,6/23/2021,Black locust (Robinia pseudoacacia),Forest,29.6,,TRUE,,,TRUE,,,TRUE,,,TRUE,,,TRUE,,,TRUE,85% - 90%,10,
9,24,6/23/2021,European hackberry (Celtis australis),Forest,10.5,,TRUE,,,TRUE,,,TRUE,,,TRUE,,,TRUE,,,TRUE,80% - 85%,10,
9,25,6/23/2021,European black elderberry (Sambucus nigra),Forest,10.2,,TRUE,,,TRUE,,,TRUE,,,TRUE,,,TRUE,,,TRUE,100%,6.5,
9,26,6/23/2021,European hackberry (Celtis australis),Forest,8,,TRUE,,,TRUE,,,TRUE,,,TRUE,,,TRUE,,,TRUE,100%,7.5,
9,27,6/23/2021,Field elm (Ulmus minor),Forest,28.6,,TRUE,,,TRUE,,,TRUE,,,TRUE,,,TRUE,,,TRUE,90% - 95%,10,Edera
9,28,6/23/2021,European hackberry (Celtis australis),Forest,15.9,,TRUE,,,TRUE,,,TRUE,,,TRUE,,,TRUE,,,TRUE,60% - 65%,10,
9,29,6/23/2021,European black elderberry (Sambucus nigra),Forest,9.6,,TRUE,,,TRUE,,,TRUE,,,TRUE,,,TRUE,,,TRUE,95% - 99%,5.5,
9,30,6/23/2021,European black elderberry (Sambucus nigra),Forest,15,,TRUE,,,TRUE,,,TRUE,,,TRUE,,,TRUE,,,TRUE,90% - 95%,7.5,Coperto di edera
9,31,6/23/2021,European black elderberry (Sambucus nigra),Forest,7.6,,TRUE,,,TRUE,,,TRUE,,,TRUE,,,TRUE,,,TRUE,90% - 95%,5,
9,32,6/23/2021,Black locust (Robinia pseudoacacia),Forest,28.3,,TRUE,28.6,,TRUE,,,TRUE,,,TRUE,,,TRUE,,,TRUE,100%,16,
10,1,6/23/2021,Black poplar (Populus nigra),Forest,25.5,,TRUE,6.4,,TRUE,,,TRUE,,,TRUE,,,TRUE,,,TRUE,95% - 99%,11,
10,2,6/23/2021,Black poplar (Populus nigra),Forest,22.3,,TRUE,,,TRUE,,,TRUE,,,TRUE,,,TRUE,,,TRUE,100%,10,
10,3,6/23/2021,Black poplar (Populus nigra),Forest,17.5,,TRUE,17.2,,TRUE,,,TRUE,,,TRUE,,,TRUE,,,TRUE,100%,12,
10,4,6/23/2021,Black poplar (Populus nigra),Forest,7.3,,TRUE,6.4,,TRUE,,,TRUE,,,TRUE,,,TRUE,,,TRUE,75% - 80%,8,
10,5,6/23/2021,Oregon ash (Fraxinus latifolia),Forest,11.5,,TRUE,,,TRUE,,,TRUE,,,TRUE,,,TRUE,,,TRUE,100%,9,
10,6,6/23/2021,Black locust (Robinia pseudoacacia),Forest,23.9,,TRUE,36.6,,TRUE,6.4,,TRUE,3.2,,TRUE,,,TRUE,,,TRUE,100%,12,
10,7,6/23/2021,European hackberry (Celtis australis),Forest,6.4,,TRUE,,,TRUE,,,TRUE,,,TRUE,,,TRUE,,,TRUE,100%,6,
10,8,6/23/2021,Littleleaf linden (Tilia cordata),Forest,55.7,,TRUE,,,TRUE,,,TRUE,,,TRUE,,,TRUE,,,TRUE,100%,20,
10,9,6/23/2021,Littleleaf linden (Tilia cordata),Forest,50.9,,TRUE,,,TRUE,,,TRUE,,,TRUE,,,TRUE,,,TRUE,100%,16,
10,10,6/23/2021,Black poplar (Populus nigra),Forest,20.7,,TRUE,,,TRUE,,,TRUE,,,TRUE,,,TRUE,,,TRUE,95% - 99%,12,
10,11,6/23/2021,Black locust (Robinia pseudoacacia),Forest,21.6,,TRUE,,,TRUE,,,TRUE,,,TRUE,,,TRUE,,,TRUE,100%,12,
10,12,6/23/2021,Black locust (Robinia pseudoacacia),Forest,7,,TRUE,,,TRUE,,,TRUE,,,TRUE,,,TRUE,,,TRUE,100%,10,
10,13,6/23/2021,Littleleaf linden (Tilia cordata),Forest,8.9,,TRUE,,,TRUE,,,TRUE,,,TRUE,,,TRUE,,,TRUE,0%,8,
11,1,6/21/2021,Black poplar (Populus nigra),Forest,116.2,,TRUE,,,TRUE,,,TRUE,,,TRUE,,,TRUE,,,TRUE,90% - 95%,22,
11,2,6/21/2021,Sweet cherry (Prunus avium),Forest,7.3,,TRUE,,,TRUE,,,TRUE,,,TRUE,,,TRUE,,,TRUE,100%,6,
11,3,6/21/2021,European hackberry (Celtis australis),Forest,7,,TRUE,,,TRUE,,,TRUE,,,TRUE,,,TRUE,,,TRUE,75% - 80%,7,
11,4,6/21/2021,European hackberry (Celtis australis),Forest,8.9,,TRUE,10.2,,TRUE,,,TRUE,,,TRUE,,,TRUE,,,TRUE,80% - 85%,8,
11,5,6/21/2021,European hackberry (Celtis australis),Forest,8,,TRUE,,,TRUE,,,TRUE,,,TRUE,,,TRUE,,,TRUE,30% - 35%,7,
11,6,6/21/2021,Sweet cherry (Prunus avium),Forest,6.4,,TRUE,,,TRUE,,,TRUE,,,TRUE,,,TRUE,,,TRUE,100%,4,
11,7,6/21/2021,Sweet cherry (Prunus avium),Forest,10.8,,TRUE,,,TRUE,,,TRUE,,,TRUE,,,TRUE,,,TRUE,100%,8,
11,8,6/21/2021,European hackberry (Celtis australis),Forest,9.9,,TRUE,,,TRUE,,,TRUE,,,TRUE,,,TRUE,,,TRUE,85% - 90%,7,
11,9,6/21/2021,Sweet cherry (Prunus avium),Forest,12.7,,TRUE,,,TRUE,,,TRUE,,,TRUE,,,TRUE,,,TRUE,75% - 80%,10,
11,10,6/21/2021,Sweet cherry (Prunus avium),Forest,18.8,,TRUE,,,TRUE,,,TRUE,,,TRUE,,,TRUE,,,TRUE,90% - 95%,7.5,
11,11,6/21/2021,Hedge maple (Acer campestre),Forest,9.2,,TRUE,,,TRUE,,,TRUE,,,TRUE,,,TRUE,,,TRUE,90% - 95%,7,
11,12,6/21/2021,Black poplar (Populus nigra),Forest,31.8,,TRUE,20.7,,TRUE,,,TRUE,,,TRUE,,,TRUE,,,TRUE,80% - 85%,15,Presenza di Edera helix
11,13,6/21/2021,Sweet cherry (Prunus avium),Forest,12.7,,TRUE,,,TRUE,,,TRUE,,,TRUE,,,TRUE,,,TRUE,85% - 90%,8,
11,14,6/21/2021,Sweet cherry (Prunus avium),Forest,18.8,,TRUE,,,TRUE,,,TRUE,,,TRUE,,,TRUE,,,TRUE,85% - 90%,7.5,
11,15,6/21/2021,Hedge maple (Acer campestre),Forest,9.2,,TRUE,,,TRUE,,,TRUE,,,TRUE,,,TRUE,,,TRUE,90% - 95%,7,
11,16,6/21/2021,Black poplar (Populus nigra),Forest,31.8,,TRUE,20.7,,TRUE,,,TRUE,,,TRUE,,,TRUE,,,TRUE,80% - 85%,15,Presenza di Edera rampicante
11,17,6/21/2021,Sweet cherry (Prunus avium),Forest,12.7,,TRUE,,,TRUE,,,TRUE,,,TRUE,,,TRUE,,,TRUE,75% - 80%,10,
11,18,6/21/2021,Sweet cherry (Prunus avium),Forest,6.7,,TRUE,,,TRUE,,,TRUE,,,TRUE,,,TRUE,,,TRUE,100%,3,
11,19,6/21/2021,European hackberry (Celtis australis),Forest,6.4,,TRUE,,,TRUE,,,TRUE,,,TRUE,,,TRUE,,,TRUE,55% - 60%,6,
11,20,6/21/2021,European hackberry (Celtis australis),Forest,11.5,,TRUE,,,TRUE,,,TRUE,,,TRUE,,,TRUE,,,TRUE,85% - 90%,4.5,
11,21,6/21/2021,European hackberry (Celtis australis),Forest,6.4,,TRUE,,,TRUE,,,TRUE,,,TRUE,,,TRUE,,,TRUE,90% - 95%,6.5,
11,22,6/21/2021,European hackberry (Celtis australis),Forest,6.4,,TRUE,,,TRUE,,,TRUE,,,TRUE,,,TRUE,,,TRUE,100%,6,
11,23,6/21/2021,European hackberry (Celtis australis),Forest,7,,TRUE,,,TRUE,,,TRUE,,,TRUE,,,TRUE,,,TRUE,100%,5,
12,1,6/25/2021,Black locust (Robinia pseudoacacia),Forest,27.1,,TRUE,,,TRUE,,,TRUE,,,TRUE,,,TRUE,,,TRUE,80% - 85%,12,Vite americana rampicante
12,2,6/25/2021,Black locust (Robinia pseudoacacia),Forest,70,,TRUE,,,TRUE,,,TRUE,,,TRUE,,,TRUE,,,TRUE,70% - 75%,12,Vite canadese rampicante
12,3,6/25/2021,Black locust (Robinia pseudoacacia),Forest,19.1,,TRUE,,,TRUE,,,TRUE,,,TRUE,,,TRUE,,,TRUE,75% - 80%,10,Vite canadese rampicante
13,1,6/23/2021,Field elm (Ulmus minor),Forest,15.9,,TRUE,14.3,,TRUE,18.5,,TRUE,,,TRUE,,,TRUE,,,TRUE,100%,9,
13,2,6/23/2021,Tree of heaven (Ailanthus altissima),Forest,18.1,,TRUE,,,TRUE,,,TRUE,,,TRUE,,,TRUE,,,TRUE,100%,8,
13,3,6/23/2021,White mulberry (Morus alba),Forest,11.5,,TRUE,,,TRUE,,,TRUE,,,TRUE,,,TRUE,,,TRUE,100%,7,
13,4,6/23/2021,Tree of heaven (Ailanthus altissima),Forest,17.5,,TRUE,12.7,,TRUE,12.1,,TRUE,,,TRUE,,,TRUE,,,TRUE,100%,8,
14,1,6/20/2021,Black locust (Robinia pseudoacacia),Forest,12.7,,TRUE,,,TRUE,,,TRUE,,,TRUE,,,TRUE,,,TRUE,35% - 40%,19,
14,2,6/20/2021,Black locust (Robinia pseudoacacia),Forest,13.7,,TRUE,,,TRUE,,,TRUE,,,TRUE,,,TRUE,,,TRUE,90% - 95%,19,
14,3,6/21/2021,Black locust (Robinia pseudoacacia),Forest,16.2,,TRUE,,,TRUE,,,TRUE,,,TRUE,,,TRUE,,,TRUE,80% - 85%,8,
14,4,6/19/2021,European hackberry (Celtis australis),Forest,16.2,,TRUE,,,TRUE,,,TRUE,,,TRUE,,,TRUE,,,TRUE,100%,10,
14,5,6/19/2021,Black locust (Robinia pseudoacacia),Forest,31.8,,TRUE,,,TRUE,,,TRUE,,,TRUE,,,TRUE,,,TRUE,80% - 85%,19,
14,6,6/19/2021,Black locust (Robinia pseudoacacia),Forest,21.6,,TRUE,,,TRUE,,,TRUE,,,TRUE,,,TRUE,,,TRUE,100%,19,
14,7,6/19/2021,European hackberry (Celtis australis),Forest,6.4,,TRUE,,,TRUE,,,TRUE,,,TRUE,,,TRUE,,,TRUE,100%,7,
14,8,6/19/2021,European hackberry (Celtis australis),Forest,10.5,,TRUE,,,TRUE,,,TRUE,,,TRUE,,,TRUE,,,TRUE,100%,6,
14,9,6/19/2021,Black locust (Robinia pseudoacacia),Forest,39.2,,TRUE,,,TRUE,,,TRUE,,,TRUE,,,TRUE,,,TRUE,90% - 95%,19,
14,10,6/19/2021,European hackberry (Celtis australis),Forest,7.3,,TRUE,,,TRUE,,,TRUE,,,TRUE,,,TRUE,,,TRUE,100%,7,
14,11,6/19/2021,Black locust (Robinia pseudoacacia),Forest,15.6,,TRUE,,,TRUE,,,TRUE,,,TRUE,,,TRUE,,,TRUE,95% - 99%,19,
14,12,6/19/2021,Black locust (Robinia pseudoacacia),Forest,12.7,,TRUE,,,TRUE,,,TRUE,,,TRUE,,,TRUE,,,TRUE,90% - 95%,18,
14,13,6/19/2021,Black locust (Robinia pseudoacacia),Forest,22.3,,TRUE,,,TRUE,,,TRUE,,,TRUE,,,TRUE,,,TRUE,70% - 75%,19,
14,14,6/19/2021,Black locust (Robinia pseudoacacia),Forest,22,,TRUE,,,TRUE,,,TRUE,,,TRUE,,,TRUE,,,TRUE,80% - 85%,18,
14,15,6/19/2021,European hackberry (Celtis australis),Forest,7,,TRUE,,,TRUE,,,TRUE,,,TRUE,,,TRUE,,,TRUE,100%,6,
14,16,6/19/2021,Black locust (Robinia pseudoacacia),Forest,16.9,,TRUE,,,TRUE,,,TRUE,,,TRUE,,,TRUE,,,TRUE,90% - 95%,17,
14,17,6/19/2021,Black locust (Robinia pseudoacacia),Forest,49,,TRUE,,,TRUE,,,TRUE,,,TRUE,,,TRUE,,,TRUE,70% - 75%,18,
14,18,6/19/2021,European hackberry (Celtis australis),Forest,6.7,,TRUE,,,TRUE,,,TRUE,,,TRUE,,,TRUE,,,TRUE,90% - 95%,6,
14,19,6/19/2021,European hackberry (Celtis australis),Forest,8,,TRUE,,,TRUE,,,TRUE,,,TRUE,,,TRUE,,,TRUE,95% - 99%,9,
14,20,6/19/2021,Black locust (Robinia pseudoacacia),Forest,11.1,,TRUE,,,TRUE,,,TRUE,,,TRUE,,,TRUE,,,TRUE,60% - 65%,12,
14,21,6/20/2021,Black locust (Robinia pseudoacacia),Forest,23.9,,TRUE,,,TRUE,,,TRUE,,,TRUE,,,TRUE,,,TRUE,70% - 75%,18,
14,22,6/21/2021,Black locust (Robinia pseudoacacia),Forest,96.4,,TRUE,,,TRUE,,,TRUE,,,TRUE,,,TRUE,,,TRUE,60% - 65%,18,
14,23,6/21/2021,Black locust (Robinia pseudoacacia),Forest,49,,TRUE,,,TRUE,,,TRUE,,,TRUE,,,TRUE,,,TRUE,55% - 60%,18,
14,24,6/21/2021,European hackberry (Celtis australis),Forest,20,,TRUE,,,TRUE,,,TRUE,,,TRUE,,,TRUE,,,TRUE,80% - 85%,10,
14,25,6/21/2021,European hackberry (Celtis australis),Forest,17.5,,TRUE,,,TRUE,,,TRUE,,,TRUE,,,TRUE,,,TRUE,45% - 50%,6,
14,26,6/21/2021,European hackberry (Celtis australis),Forest,19.7,,TRUE,,,TRUE,,,TRUE,,,TRUE,,,TRUE,,,TRUE,70% - 75%,6,
14,27,6/21/2021,European hackberry (Celtis australis),Forest,16.2,,TRUE,,,TRUE,,,TRUE,,,TRUE,,,TRUE,,,TRUE,90% - 95%,6.5,
14,28,6/21/2021,European hackberry (Celtis australis),Forest,32.8,,TRUE,,,TRUE,,,TRUE,,,TRUE,,,TRUE,,,TRUE,90% - 95%,12,
14,29,6/21/2021,European hackberry (Celtis australis),Forest,11.8,,TRUE,,,TRUE,,,TRUE,,,TRUE,,,TRUE,,,TRUE,85% - 90%,5,
14,30,6/21/2021,Black locust (Robinia pseudoacacia),Forest,30.2,,TRUE,,,TRUE,,,TRUE,,,TRUE,,,TRUE,,,TRUE,70% - 75%,18,
14,31,6/21/2021,Black locust (Robinia pseudoacacia),Forest,9.6,,TRUE,,,TRUE,,,TRUE,,,TRUE,,,TRUE,,,TRUE,35% - 40%,7,
15,1,6/19/2021,Black poplar (Populus nigra),Forest,41,,TRUE,,,TRUE,,,TRUE,,,TRUE,,,TRUE,,,TRUE,100%,15,
15,2,6/19/2021,Black poplar (Populus nigra),Forest,23,,TRUE,16,,TRUE,9,,TRUE,,,TRUE,,,TRUE,,,TRUE,85% - 90%,4.5,
15,3,6/19/2021,Black poplar (Populus nigra),Forest,52,,TRUE,,,TRUE,,,TRUE,,,TRUE,,,TRUE,,,TRUE,90% - 95%,10.5,
15,4,6/19/2021,White mulberry (Morus alba),Forest,100,,TRUE,103,,TRUE,26,,TRUE,49,,TRUE,29,,TRUE,44,,TRUE,50% - 55%,7.5,"Presenza di parassiti su foglie. Notevole presenza di frutti (more).
Suolo profondo 25 cm"
15,5,6/19/2021,European hackberry (Celtis australis),Forest,15,,TRUE,12,,TRUE,6,,TRUE,,,TRUE,,,TRUE,,,TRUE,75% - 80%,4,
15,6,6/19/2021,Black poplar (Populus nigra),Forest,91,,TRUE,65,,TRUE,,,TRUE,,,TRUE,,,TRUE,,,TRUE,90% - 95%,18.5,
15,7,6/19/2021,Black poplar (Populus nigra),Forest,75,,TRUE,147,,TRUE,,,TRUE,,,TRUE,,,TRUE,,,TRUE,80% - 85%,18,Vite canadese rampicante sul tronco.
15,8,6/19/2021,Black locust (Robinia pseudoacacia),Forest,20,,TRUE,,,TRUE,,,TRUE,,,TRUE,,,TRUE,,,TRUE,90% - 95%,8,Violette ai piedi dell'albero
15,9,6/19/2021,Robinia spp (Robinia),Forest,20,,TRUE,,,TRUE,,,TRUE,,,TRUE,,,TRUE,,,TRUE,85% - 90%,7,
15,10,6/19/2021,Robinia spp (Robinia),Forest,20,,TRUE,,,TRUE,,,TRUE,,,TRUE,,,TRUE,,,TRUE,85% - 90%,20,
15,11,6/19/2021,Field elm (Ulmus minor),Forest,195,,TRUE,,,TRUE,,,TRUE,,,TRUE,,,TRUE,,,TRUE,75% - 80%,16,Vite americana rampicante
15,12,6/19/2021,Black locust (Robinia pseudoacacia),Forest,25,,TRUE,,,TRUE,,,TRUE,,,TRUE,,,TRUE,,,TRUE,85% - 90%,9,
15,13,6/19/2021,Black locust (Robinia pseudoacacia),Forest,25,,TRUE,,,TRUE,,,TRUE,,,TRUE,,,TRUE,,,TRUE,80% - 85%,8,
15,14,6/19/2021,Black locust (Robinia pseudoacacia),Forest,25,,TRUE,,,TRUE,,,TRUE,,,TRUE,,,TRUE,,,TRUE,100%,7.5,
15,15,6/19/2021,Robinia spp (Robinia),Forest,20,,TRUE,6,,TRUE,,,TRUE,,,TRUE,,,TRUE,,,TRUE,100%,6.5,
15,16,6/19/2021,Robinia spp (Robinia),Forest,24,,TRUE,,,TRUE,,,TRUE,,,TRUE,,,TRUE,,,TRUE,90% - 95%,6.5,Violette ai piedi dell'albero con pacciamatura
16,1,6/25/2021,Black locust (Robinia pseudoacacia),Forest,24.8,,TRUE,,,TRUE,,,TRUE,,,TRUE,,,TRUE,,,TRUE,100%,9.5,
16,2,6/25/2021,Black poplar (Populus nigra),Forest,20.7,,TRUE,,,TRUE,,,TRUE,,,TRUE,,,TRUE,,,TRUE,95% - 99%,10,
16,3,6/25/2021,Black poplar (Populus nigra),Forest,24.2,,TRUE,,,TRUE,,,TRUE,,,TRUE,,,TRUE,,,TRUE,95% - 99%,10.5,
16,4,6/25/2021,Black poplar (Populus nigra),Forest,15.6,,TRUE,,,TRUE,,,TRUE,,,TRUE,,,TRUE,,,TRUE,100%,8.5,
16,5,6/25/2021,Black poplar (Populus nigra),Forest,23.9,,TRUE,,,TRUE,,,TRUE,,,TRUE,,,TRUE,,,TRUE,90% - 95%,9.5,
16,6,6/25/2021,Black poplar (Populus nigra),Forest,8,,TRUE,,,TRUE,,,TRUE,,,TRUE,,,TRUE,,,TRUE,80% - 85%,6.5,
16,7,6/25/2021,Black poplar (Populus nigra),Forest,10.2,,TRUE,,,TRUE,,,TRUE,,,TRUE,,,TRUE,,,TRUE,80% - 85%,7.5,
16,8,6/25/2021,Eastern white pine (Pinus strobus),Forest,8,,TRUE,,,TRUE,,,TRUE,,,TRUE,,,TRUE,,,TRUE,100%,6,
16,9,6/25/2021,Black locust (Robinia pseudoacacia),Forest,8,,TRUE,1.9,,TRUE,,,TRUE,,,TRUE,,,TRUE,,,TRUE,90% - 95%,6.5,
16,10,6/25/2021,Black locust (Robinia pseudoacacia),Forest,15.9,,TRUE,15.9,,TRUE,,,TRUE,,,TRUE,,,TRUE,,,TRUE,100%,8.5,
16,11,6/25/2021,Black locust (Robinia pseudoacacia),Forest,6.4,,TRUE,,,TRUE,,,TRUE,,,TRUE,,,TRUE,,,TRUE,100%,6,
16,12,6/25/2021,Common fig (Ficus carica),Forest,4.1,,TRUE,4.1,,TRUE,8.6,,TRUE,,,TRUE,,,TRUE,,,TRUE,100%,5,
16,13,6/25/2021,Black locust (Robinia pseudoacacia),Forest,12.7,,TRUE,15,,TRUE,,,TRUE,,,TRUE,,,TRUE,,,TRUE,100%,9,
16,14,6/25/2021,Black locust (Robinia pseudoacacia),Forest,28.6,,TRUE,,,TRUE,,,TRUE,,,TRUE,,,TRUE,,,TRUE,90% - 95%,9,
16,15,6/25/2021,Common fig (Ficus carica),Forest,3.8,,TRUE,3.8,,TRUE,2.5,,TRUE,,,TRUE,,,TRUE,,,TRUE,100%,3.5,
16,16,6/25/2021,Black locust (Robinia pseudoacacia),Forest,17.8,,TRUE,6.4,,TRUE,,,TRUE,,,TRUE,,,TRUE,,,TRUE,90% - 95%,10,
16,17,6/25/2021,European hackberry (Celtis australis),Forest,17.5,,TRUE,17.5,,TRUE,17.5,,TRUE,8,,TRUE,12.7,,TRUE,9.6,,TRUE,100%,8.5,
16,18,6/25/2021,Common fig (Ficus carica),Forest,12.1,,TRUE,8.3,,TRUE,6.4,,TRUE,,,TRUE,,,TRUE,,,TRUE,95% - 99%,5,"Cresciuto a un livello di suolo pi√π basso, tra le rocce."
16,19,6/25/2021,Black locust (Robinia pseudoacacia),Forest,11.1,,TRUE,,,TRUE,,,TRUE,,,TRUE,,,TRUE,,,TRUE,80% - 85%,7.5,Vite canadese rampicante
17,1,6/21/2021,Black poplar (Populus nigra),Forest,8,,TRUE,,,TRUE,,,TRUE,,,TRUE,,,TRUE,,,TRUE,100%,7,Cresciuto sull'asfatlo
17,2,6/21/2021,Black locust (Robinia pseudoacacia),Forest,7.3,,TRUE,,,TRUE,,,TRUE,,,TRUE,,,TRUE,,,TRUE,100%,12,
17,3,6/21/2021,Black locust (Robinia pseudoacacia),Forest,11.1,,TRUE,,,TRUE,,,TRUE,,,TRUE,,,TRUE,,,TRUE,100%,10,
17,4,6/21/2021,Field elm (Ulmus minor),Forest,17.5,,TRUE,,,TRUE,,,TRUE,,,TRUE,,,TRUE,,,TRUE,100%,5,Cresciuto sull'asfalto
17,5,6/21/2021,Black locust (Robinia pseudoacacia),Forest,15.6,,TRUE,,,TRUE,,,TRUE,,,TRUE,,,TRUE,,,TRUE,100%,15,
17,6,6/21/2021,Black locust (Robinia pseudoacacia),Forest,11.8,,TRUE,,,TRUE,,,TRUE,,,TRUE,,,TRUE,,,TRUE,100%,18,
17,7,6/21/2021,Black locust (Robinia pseudoacacia),Forest,8.3,,TRUE,,,TRUE,,,TRUE,,,TRUE,,,TRUE,,,TRUE,100%,10,
17,8,6/21/2021,Field elm (Ulmus minor),Forest,8,,TRUE,,,TRUE,,,TRUE,,,TRUE,,,TRUE,,,TRUE,100%,5,
17,9,6/21/2021,Black locust (Robinia pseudoacacia),Forest,14.3,,TRUE,,,TRUE,,,TRUE,,,TRUE,,,TRUE,,,TRUE,100%,14,
17,10,6/21/2021,Black locust (Robinia pseudoacacia),Forest,12.4,,TRUE,,,TRUE,,,TRUE,,,TRUE,,,TRUE,,,TRUE,100%,15,
17,11,6/21/2021,Black poplar (Populus nigra),Forest,3.2,,TRUE,,,TRUE,,,TRUE,,,TRUE,,,TRUE,,,TRUE,70% - 75%,12,Cresciuto sull'asfalto
17,12,6/21/2021,Field elm (Ulmus minor),Forest,16.5,,TRUE,,,TRUE,,,TRUE,,,TRUE,,,TRUE,,,TRUE,100%,8,Cresciuto sull'asfalto
17,13,6/21/2021,Black locust (Robinia pseudoacacia),Forest,14.3,,TRUE,,,TRUE,,,TRUE,,,TRUE,,,TRUE,,,TRUE,95% - 99%,15,
17,14,6/21/2021,Black locust (Robinia pseudoacacia),Forest,15.9,,TRUE,,,TRUE,,,TRUE,,,TRUE,,,TRUE,,,TRUE,95% - 99%,12,
17,15,6/21/2021,sycamore spp (Platanus),Forest,6.4,,TRUE,,,TRUE,,,TRUE,,,TRUE,,,TRUE,,,TRUE,100%,9,Cresciuto sull'asfalto
17,16,6/21/2021,Field elm (Ulmus minor),Forest,12.7,,TRUE,,,TRUE,,,TRUE,,,TRUE,,,TRUE,,,TRUE,100%,6,Cresciuto sull'asfalto
17,17,6/21/2021,Black locust (Robinia pseudoacacia),Forest,13.7,,TRUE,,,TRUE,,,TRUE,,,TRUE,,,TRUE,,,TRUE,100%,18,
17,18,6/21/2021,Field elm (Ulmus minor),Forest,25.5,,TRUE,,,TRUE,,,TRUE,,,TRUE,,,TRUE,,,TRUE,75% - 80%,12,Cresciuto sull'asfalto
17,19,6/21/2021,Field elm (Ulmus minor),Forest,18.5,,TRUE,,,TRUE,,,TRUE,,,TRUE,,,TRUE,,,TRUE,100%,6,Cresciuto sull'asfalto
17,20,6/21/2021,Black locust (Robinia pseudoacacia),Forest,7.3,,TRUE,,,TRUE,,,TRUE,,,TRUE,,,TRUE,,,TRUE,100%,6,
17,21,6/21/2021,Black poplar (Populus nigra),Forest,16.9,,TRUE,,,TRUE,,,TRUE,,,TRUE,,,TRUE,,,TRUE,85% - 90%,8,Cresciuto sull'asfalto
18,1,6/21/2021,Black poplar (Populus nigra),Forest,22.3,,TRUE,,,TRUE,,,TRUE,,,TRUE,,,TRUE,,,TRUE,85% - 90%,21,Una delle due ricrescita dell'albero in decomposizione. Cresciuto sul cemento.
18,2,6/21/2021,Black poplar (Populus nigra),Forest,33.1,,TRUE,,,TRUE,,,TRUE,,,TRUE,,,TRUE,,,TRUE,75% - 80%,21,"Una delle due ricrescita dell'albero in decomposizione. Cresciuto sul cemento.
"
18,3,6/21/2021,European hackberry (Celtis australis),Forest,9.9,,TRUE,,,TRUE,,,TRUE,,,TRUE,,,TRUE,,,TRUE,90% - 95%,12,
18,4,6/21/2021,European hackberry (Celtis australis),Forest,8.9,,TRUE,,,TRUE,,,TRUE,,,TRUE,,,TRUE,,,TRUE,90% - 95%,9,
18,5,6/21/2021,Black poplar (Populus nigra),Forest,17.8,,TRUE,,,TRUE,,,TRUE,,,TRUE,,,TRUE,,,TRUE,70% - 75%,10,
18,6,6/21/2021,Sweet cherry (Prunus avium),Forest,15.9,,TRUE,,,TRUE,,,TRUE,,,TRUE,,,TRUE,,,TRUE,85% - 90%,12,
18,7,6/21/2021,Black poplar (Populus nigra),Forest,22.9,,TRUE,,,TRUE,,,TRUE,,,TRUE,,,TRUE,,,TRUE,80% - 85%,20,
18,8,6/21/2021,European hackberry (Celtis australis),Forest,9.2,,TRUE,,,TRUE,,,TRUE,,,TRUE,,,TRUE,,,TRUE,95% - 99%,12,
18,9,6/21/2021,European hackberry (Celtis australis),Forest,7.3,,TRUE,,,TRUE,,,TRUE,,,TRUE,,,TRUE,,,TRUE,95% - 99%,12,
18,10,6/21/2021,European hackberry (Celtis australis),Forest,8.3,,TRUE,,,TRUE,,,TRUE,,,TRUE,,,TRUE,,,TRUE,90% - 95%,8,
18,11,6/21/2021,European hackberry (Celtis australis),Forest,14.3,,TRUE,,,TRUE,,,TRUE,,,TRUE,,,TRUE,,,TRUE,100%,18,
18,12,6/21/2021,Black poplar (Populus nigra),Forest,12.1,,TRUE,,,TRUE,,,TRUE,,,TRUE,,,TRUE,,,TRUE,85% - 90%,15,
18,17,6/21/2021,European hackberry (Celtis australis),Forest,33.1,,TRUE,,,TRUE,,,TRUE,,,TRUE,,,TRUE,,,TRUE,100%,16,
18,18,6/21/2021,Black poplar (Populus nigra),Forest,29.6,,TRUE,,,TRUE,,,TRUE,,,TRUE,,,TRUE,,,TRUE,100%,20,
18,19,6/21/2021,Black poplar (Populus nigra),Forest,10.8,,TRUE,,,TRUE,,,TRUE,,,TRUE,,,TRUE,,,TRUE,70% - 75%,14,
18,20,6/21/2021,Black poplar (Populus nigra),Forest,14,,TRUE,,,TRUE,,,TRUE,,,TRUE,,,TRUE,,,TRUE,85% - 90%,17,
18,21,6/21/2021,European hackberry (Celtis australis),Forest,8.6,,TRUE,,,TRUE,,,TRUE,,,TRUE,,,TRUE,,,TRUE,100%,10,
18,22,6/21/2021,European hackberry (Celtis australis),Forest,11.5,,TRUE,,,TRUE,,,TRUE,,,TRUE,,,TRUE,,,TRUE,85% - 90%,15,
18,23,6/21/2021,European hackberry (Celtis australis),Forest,10.2,,TRUE,,,TRUE,,,TRUE,,,TRUE,,,TRUE,,,TRUE,85% - 90%,15,
18,24,6/21/2021,European hackberry (Celtis australis),Forest,7.6,,TRUE,,,TRUE,,,TRUE,,,TRUE,,,TRUE,,,TRUE,85% - 90%,12,
18,25,6/21/2021,Oneseed hawthorn (Crataegus monogyna),Forest,6.4,,TRUE,,,TRUE,,,TRUE,,,TRUE,,,TRUE,,,TRUE,60% - 65%,3,
18,26,6/21/2021,Black poplar (Populus nigra),Forest,70,,TRUE,,,TRUE,,,TRUE,,,TRUE,,,TRUE,,,TRUE,70% - 75%,22,
18,27,6/21/2021,European hackberry (Celtis australis),Forest,22.3,,TRUE,,,TRUE,,,TRUE,,,TRUE,,,TRUE,,,TRUE,85% - 90%,5,
18,28,6/21/2021,Black poplar (Populus nigra),Forest,12.1,,TRUE,,,TRUE,,,TRUE,,,TRUE,,,TRUE,,,TRUE,0%,9,
18,29,6/21/2021,European hackberry (Celtis australis),Forest,17.8,,TRUE,,,TRUE,,,TRUE,,,TRUE,,,TRUE,,,TRUE,85% - 90%,9,
18,30,6/21/2021,Sweet cherry (Prunus avium),Forest,19.1,,TRUE,,,TRUE,,,TRUE,,,TRUE,,,TRUE,,,TRUE,80% - 85%,15,Presenza di vite canadese
18,31,6/21/2021,European hackberry (Celtis australis),Forest,10.8,,TRUE,,,TRUE,,,TRUE,,,TRUE,,,TRUE,,,TRUE,100%,14,
18,32,6/21/2021,European hackberry (Celtis australis),Forest,20.7,,TRUE,,,TRUE,,,TRUE,,,TRUE,,,TRUE,,,TRUE,80% - 85%,12,
18,33,6/21/2021,European hackberry (Celtis australis),Forest,11.1,,TRUE,,,TRUE,,,TRUE,,,TRUE,,,TRUE,,,TRUE,85% - 90%,8,
18,34,6/21/2021,Black poplar (Populus nigra),Forest,63.7,,TRUE,,,TRUE,,,TRUE,,,TRUE,,,TRUE,,,TRUE,0%,15,Tronco in stato di decomposizione avanzata. Presenza di nuovo humus
18,35,6/21/2021,European hackberry (Celtis australis),Forest,8.9,,TRUE,,,TRUE,,,TRUE,,,TRUE,,,TRUE,,,TRUE,80% - 85%,8,
18,36,6/21/2021,European hackberry (Celtis australis),Forest,6.4,,TRUE,,,TRUE,,,TRUE,,,TRUE,,,TRUE,,,TRUE,45% - 50%,6,
18,37,6/21/2021,European hackberry (Celtis australis),Forest,11.5,,TRUE,,,TRUE,,,TRUE,,,TRUE,,,TRUE,,,TRUE,90% - 95%,6,
18,38,6/21/2021,Black poplar (Populus nigra),Forest,12.7,,TRUE,,,TRUE,,,TRUE,,,TRUE,,,TRUE,,,TRUE,95% - 99%,15,
18,39,6/21/2021,Black poplar (Populus nigra),Forest,27.4,,TRUE,,,TRUE,,,TRUE,,,TRUE,,,TRUE,,,TRUE,100%,22,
18,40,6/21/2021,Sweet cherry (Prunus avium),Forest,23.9,,TRUE,,,TRUE,,,TRUE,,,TRUE,,,TRUE,,,TRUE,80% - 85%,16,
18,41,6/21/2021,Sweet cherry (Prunus avium),Forest,15.9,,TRUE,,,TRUE,,,TRUE,,,TRUE,,,TRUE,,,TRUE,85% - 90%,15,
18,42,6/21/2021,Sweet cherry (Prunus avium),Forest,9.2,,TRUE,,,TRUE,,,TRUE,,,TRUE,,,TRUE,,,TRUE,100%,8,
19,1,6/21/2021,European hackberry (Celtis australis),Forest,12.7,,TRUE,,,TRUE,,,TRUE,,,TRUE,,,TRUE,,,TRUE,100%,8,
19,2,6/21/2021,Black locust (Robinia pseudoacacia),Forest,14.6,,TRUE,,,TRUE,,,TRUE,,,TRUE,,,TRUE,,,TRUE,70% - 75%,12,
19,3,6/21/2021,Black locust (Robinia pseudoacacia),Forest,44.6,,TRUE,,,TRUE,,,TRUE,,,TRUE,,,TRUE,,,TRUE,20% - 25%,19,
19,4,6/21/2021,Black locust (Robinia pseudoacacia),Forest,28,,TRUE,,,TRUE,,,TRUE,,,TRUE,,,TRUE,,,TRUE,75% - 80%,16,
19,5,6/21/2021,Black locust (Robinia pseudoacacia),Forest,11.1,,TRUE,,,TRUE,,,TRUE,,,TRUE,,,TRUE,,,TRUE,100%,12,
19,6,6/21/2021,European hackberry (Celtis australis),Forest,6.4,,TRUE,,,TRUE,,,TRUE,,,TRUE,,,TRUE,,,TRUE,100%,6,
19,7,6/21/2021,European hackberry (Celtis australis),Forest,8.6,,TRUE,,,TRUE,,,TRUE,,,TRUE,,,TRUE,,,TRUE,90% - 95%,7,
19,8,6/21/2021,Black locust (Robinia pseudoacacia),Forest,73.2,,TRUE,,,TRUE,,,TRUE,,,TRUE,,,TRUE,,,TRUE,60% - 65%,19,Presenza di fungo Ganoderma.
19,9,6/21/2021,European hackberry (Celtis australis),Forest,14,,TRUE,,,TRUE,,,TRUE,,,TRUE,,,TRUE,,,TRUE,90% - 95%,10,Edera
19,10,6/21/2021,Black locust (Robinia pseudoacacia),Forest,19.1,,TRUE,,,TRUE,,,TRUE,,,TRUE,,,TRUE,,,TRUE,50% - 55%,15,Presenza di Edera
19,11,6/21/2021,European hackberry (Celtis australis),Forest,10.2,,TRUE,,,TRUE,,,TRUE,,,TRUE,,,TRUE,,,TRUE,85% - 90%,7,
19,12,6/21/2021,European hackberry (Celtis australis),Forest,8,,TRUE,,,TRUE,,,TRUE,,,TRUE,,,TRUE,,,TRUE,75% - 80%,5,
19,13,6/21/2021,European hackberry (Celtis australis),Forest,8,,TRUE,,,TRUE,,,TRUE,,,TRUE,,,TRUE,,,TRUE,85% - 90%,6,Presente Edera
19,14,6/21/2021,Black locust (Robinia pseudoacacia),Forest,24.5,,TRUE,,,TRUE,,,TRUE,,,TRUE,,,TRUE,,,TRUE,80% - 85%,15,
19,15,6/21/2021,Black locust (Robinia pseudoacacia),Forest,50.3,,TRUE,,,TRUE,,,TRUE,,,TRUE,,,TRUE,,,TRUE,60% - 65%,19,
19,16,6/21/2021,Black locust (Robinia pseudoacacia),Forest,29.6,,TRUE,,,TRUE,,,TRUE,,,TRUE,,,TRUE,,,TRUE,55% - 60%,18,Presenza di Edera
19,17,6/21/2021,European hackberry (Celtis australis),Forest,9.2,,TRUE,,,TRUE,,,TRUE,,,TRUE,,,TRUE,,,TRUE,85% - 90%,5,
19,18,6/21/2021,Black locust (Robinia pseudoacacia),Forest,16.5,,TRUE,,,TRUE,,,TRUE,,,TRUE,,,TRUE,,,TRUE,65% - 70%,15,Presenza di Edera
19,19,6/21/2021,European hackberry (Celtis australis),Forest,8,,TRUE,,,TRUE,,,TRUE,,,TRUE,,,TRUE,,,TRUE,60% - 65%,6,
19,20,6/21/2021,Black locust (Robinia pseudoacacia),Forest,19.7,,TRUE,,,TRUE,,,TRUE,,,TRUE,,,TRUE,,,TRUE,50% - 55%,14,Presenza Edera
19,21,6/21/2021,European hackberry (Celtis australis),Forest,6.4,,TRUE,,,TRUE,,,TRUE,,,TRUE,,,TRUE,,,TRUE,70% - 75%,4,
19,22,6/21/2021,White mulberry (Morus alba),Forest,7.3,,TRUE,,,TRUE,,,TRUE,,,TRUE,,,TRUE,,,TRUE,80% - 85%,5,
19,23,6/21/2021,Black locust (Robinia pseudoacacia),Forest,33.7,,TRUE,,,TRUE,,,TRUE,,,TRUE,,,TRUE,,,TRUE,60% - 65%,19,Presenza Edera e vite americana rampicanti
19,24,6/21/2021,Black locust (Robinia pseudoacacia),Forest,20.7,,TRUE,,,TRUE,,,TRUE,,,TRUE,,,TRUE,,,TRUE,70% - 75%,16,
19,25,6/21/2021,Black locust (Robinia pseudoacacia),Forest,12.7,,TRUE,,,TRUE,,,TRUE,,,TRUE,,,TRUE,,,TRUE,100%,12,
19,26,6/21/2021,Black locust (Robinia pseudoacacia),Forest,14,,TRUE,,,TRUE,,,TRUE,,,TRUE,,,TRUE,,,TRUE,90% - 95%,15,
19,27,6/21/2021,Black locust (Robinia pseudoacacia),Forest,23.9,,TRUE,,,TRUE,,,TRUE,,,TRUE,,,TRUE,,,TRUE,50% - 55%,17,Presenza di Edera fitta
19,28,6/21/2021,Black locust (Robinia pseudoacacia),Forest,8.9,,TRUE,,,TRUE,,,TRUE,,,TRUE,,,TRUE,,,TRUE,65% - 70%,8,Presenza Edera
19,29,6/21/2021,Black locust (Robinia pseudoacacia),Forest,24.5,,TRUE,,,TRUE,,,TRUE,,,TRUE,,,TRUE,,,TRUE,65% - 70%,15,Vite canadese
19,30,6/21/2021,Black locust (Robinia pseudoacacia),Forest,17.2,,TRUE,,,TRUE,,,TRUE,,,TRUE,,,TRUE,,,TRUE,90% - 95%,15,Vite Canadese
19,31,6/21/2021,Black locust (Robinia pseudoacacia),Forest,17.5,,TRUE,,,TRUE,,,TRUE,,,TRUE,,,TRUE,,,TRUE,55% - 60%,17,Presenza Edera
19,32,6/21/2021,Black locust (Robinia pseudoacacia),Forest,18.5,,TRUE,,,TRUE,,,TRUE,,,TRUE,,,TRUE,,,TRUE,90% - 95%,18,
19,33,6/21/2021,Black locust (Robinia pseudoacacia),Forest,17.8,,TRUE,,,TRUE,,,TRUE,,,TRUE,,,TRUE,,,TRUE,70% - 75%,16,Presenza Edera
19,34,6/21/2021,Black locust (Robinia pseudoacacia),Forest,11.5,,TRUE,,,TRUE,,,TRUE,,,TRUE,,,TRUE,,,TRUE,40% - 45%,12,Presenza Edera
20,1,6/23/2021,Field elm (Ulmus minor),Forest,11.5,,TRUE,,,TRUE,,,TRUE,,,TRUE,,,TRUE,,,TRUE,100%,9,
20,2,6/23/2021,Field elm (Ulmus minor),Forest,20.4,,TRUE,,,TRUE,,,TRUE,,,TRUE,,,TRUE,,,TRUE,100%,10,
20,3,6/23/2021,Field elm (Ulmus minor),Forest,22,,TRUE,,,TRUE,,,TRUE,,,TRUE,,,TRUE,,,TRUE,100%,12,
20,4,6/23/2021,Oneseed hawthorn (Crataegus monogyna),Forest,6.4,,TRUE,,,TRUE,,,TRUE,,,TRUE,,,TRUE,,,TRUE,100%,4,
20,5,6/23/2021,Field elm (Ulmus minor),Forest,8.3,,TRUE,,,TRUE,,,TRUE,,,TRUE,,,TRUE,,,TRUE,100%,5.5,
20,6,6/23/2021,Field elm (Ulmus minor),Forest,8.9,,TRUE,,,TRUE,,,TRUE,,,TRUE,,,TRUE,,,TRUE,100%,5,
20,7,6/23/2021,Orange eye butterflybush (Buddleja davidii),Forest,4.8,,TRUE,3.8,,TRUE,5.7,,TRUE,3.8,,TRUE,4.8,,TRUE,,,TRUE,95% - 99%,3.5,
20,8,6/23/2021,Field elm (Ulmus minor),Forest,16.5,,TRUE,,,TRUE,,,TRUE,,,TRUE,,,TRUE,,,TRUE,100%,5,
20,9,6/23/2021,Field elm (Ulmus minor),Forest,8.3,,TRUE,,,TRUE,,,TRUE,,,TRUE,,,TRUE,,,TRUE,95% - 99%,6.5,
20,10,6/23/2021,Field elm (Ulmus minor),Forest,15.3,,TRUE,,,TRUE,,,TRUE,,,TRUE,,,TRUE,,,TRUE,100%,9,
20,11,6/23/2021,Oneseed hawthorn (Crataegus monogyna),Forest,5.7,,TRUE,0.6,,TRUE,,,TRUE,,,TRUE,,,TRUE,,,TRUE,100%,4,
21,1,6/23/2021,elm spp (Ulmus),Forest,20.7,,TRUE,,,TRUE,,,TRUE,,,TRUE,,,TRUE,,,TRUE,70% - 75%,5,
21,2,6/23/2021,European hackberry (Celtis australis),Forest,22.3,,TRUE,,,TRUE,,,TRUE,,,TRUE,,,TRUE,,,TRUE,0%,10,
21,3,6/23/2021,European hackberry (Celtis australis),Forest,22.3,,TRUE,,,TRUE,,,TRUE,,,TRUE,,,TRUE,,,TRUE,95% - 99%,9,
21,4,6/23/2021,Black locust (Robinia pseudoacacia),Forest,24.5,,TRUE,17.5,,TRUE,,,TRUE,,,TRUE,,,TRUE,,,TRUE,65% - 70%,13,
21,5,6/23/2021,Black locust (Robinia pseudoacacia),Forest,23.9,,TRUE,,,TRUE,,,TRUE,,,TRUE,,,TRUE,,,TRUE,80% - 85%,10,
21,6,6/23/2021,Black locust (Robinia pseudoacacia),Forest,19.1,,TRUE,,,TRUE,,,TRUE,,,TRUE,,,TRUE,,,TRUE,85% - 90%,8,
21,7,6/23/2021,Common fig (Ficus carica),Forest,6.4,,TRUE,,,TRUE,,,TRUE,,,TRUE,,,TRUE,,,TRUE,100%,2.5,Pendente
21,8,6/23/2021,Black locust (Robinia pseudoacacia),Forest,14.3,,TRUE,,,TRUE,,,TRUE,,,TRUE,,,TRUE,,,TRUE,100%,8,
21,9,6/23/2021,Common fig (Ficus carica),Forest,6.4,,TRUE,,,TRUE,,,TRUE,,,TRUE,,,TRUE,,,TRUE,100%,4,
21,10,6/23/2021,Black locust (Robinia pseudoacacia),Forest,10.8,,TRUE,,,TRUE,,,TRUE,,,TRUE,,,TRUE,,,TRUE,100%,8,
21,11,6/23/2021,Field elm (Ulmus minor),Forest,22.6,,TRUE,,,TRUE,,,TRUE,,,TRUE,,,TRUE,,,TRUE,85% - 90%,8,
21,12,6/23/2021,Field elm (Ulmus minor),Forest,6.4,,TRUE,7.6,,TRUE,,,TRUE,,,TRUE,,,TRUE,,,TRUE,100%,6,
21,13,6/23/2021,Field elm (Ulmus minor),Forest,14.6,,TRUE,22,,TRUE,,,TRUE,,,TRUE,,,TRUE,,,TRUE,100%,10,
21,14,6/23/2021,Black locust (Robinia pseudoacacia),Forest,11.5,,TRUE,,,TRUE,,,TRUE,,,TRUE,,,TRUE,,,TRUE,100%,7,
21,15,6/23/2021,Black locust (Robinia pseudoacacia),Forest,17.8,,TRUE,,,TRUE,,,TRUE,,,TRUE,,,TRUE,,,TRUE,100%,9,
21,16,6/23/2021,Tree of heaven (Ailanthus altissima),Forest,19.1,,TRUE,,,TRUE,,,TRUE,,,TRUE,,,TRUE,,,TRUE,75% - 80%,9,Edera. Nato sulla collinetta di terra di riporto.
21,17,6/23/2021,Tree of heaven (Ailanthus altissima),Forest,17.2,,TRUE,,,TRUE,,,TRUE,,,TRUE,,,TRUE,,,TRUE,65% - 70%,9,
21,18,6/23/2021,European hackberry (Celtis australis),Forest,23.5,,TRUE,21,,TRUE,18.5,,TRUE,,,TRUE,,,TRUE,,,TRUE,65% - 70%,10,
21,19,6/23/2021,European black elderberry (Sambucus nigra),Forest,15,,TRUE,,,TRUE,,,TRUE,,,TRUE,,,TRUE,,,TRUE,45% - 50%,4.5,
21,20,6/23/2021,European hackberry (Celtis australis),Forest,30.9,,TRUE,27.4,,TRUE,35.3,,TRUE,21.3,,TRUE,27.1,,TRUE,82.1,,TRUE,100%,12,
22,1,6/25/2021,European hackberry (Celtis australis),Forest,7.6,,TRUE,,,TRUE,,,TRUE,,,TRUE,,,TRUE,,,TRUE,95% - 99%,6,
22,2,6/25/2021,European hackberry (Celtis australis),Forest,5.1,,TRUE,6.1,,TRUE,,,TRUE,,,TRUE,,,TRUE,,,TRUE,90% - 95%,6,
22,3,6/25/2021,Tree of heaven (Ailanthus altissima),Forest,16.2,,TRUE,9.2,,TRUE,,,TRUE,,,TRUE,,,TRUE,,,TRUE,100%,10,
22,4,6/25/2021,Tree of heaven (Ailanthus altissima),Forest,8,,TRUE,,,TRUE,,,TRUE,,,TRUE,,,TRUE,,,TRUE,100%,9,
22,5,6/25/2021,Tree of heaven (Ailanthus altissima),Forest,28.3,,TRUE,11.1,,TRUE,,,TRUE,,,TRUE,,,TRUE,,,TRUE,100%,12,
22,6,6/25/2021,European crabapple (Malus sylvestris),Forest,7.6,,TRUE,,,TRUE,,,TRUE,,,TRUE,,,TRUE,,,TRUE,60% - 65%,4.5,
22,7,6/25/2021,European hackberry (Celtis australis),Forest,5.7,,TRUE,5.4,,TRUE,7,,TRUE,,,TRUE,,,TRUE,,,TRUE,100%,7,
22,8,6/25/2021,European hackberry (Celtis australis),Forest,12.7,,TRUE,,,TRUE,,,TRUE,,,TRUE,,,TRUE,,,TRUE,100%,8,
22,9,6/25/2021,Black poplar (Populus nigra),Forest,58.9,,TRUE,,,TRUE,,,TRUE,,,TRUE,,,TRUE,,,TRUE,45% - 50%,18,
22,10,6/25/2021,European hackberry (Celtis australis),Forest,23.2,,TRUE,,,TRUE,,,TRUE,,,TRUE,,,TRUE,,,TRUE,100%,9,
22,11,6/25/2021,European hackberry (Celtis australis),Forest,7.3,,TRUE,,,TRUE,,,TRUE,,,TRUE,,,TRUE,,,TRUE,95% - 99%,7,
22,12,6/25/2021,European hackberry (Celtis australis),Forest,11.1,,TRUE,12.1,,TRUE,,,TRUE,,,TRUE,,,TRUE,,,TRUE,95% - 99%,8,
22,13,6/25/2021,European hackberry (Celtis australis),Forest,7.3,,TRUE,8,,TRUE,6.4,,TRUE,,,TRUE,,,TRUE,,,TRUE,90% - 95%,8,
22,14,6/25/2021,European hackberry (Celtis australis),Forest,8,,TRUE,,,TRUE,,,TRUE,,,TRUE,,,TRUE,,,TRUE,100%,6.5,
22,15,6/25/2021,European hackberry (Celtis australis),Forest,10.5,,TRUE,4.5,,TRUE,,,TRUE,,,TRUE,,,TRUE,,,TRUE,95% - 99%,7,
22,16,6/25/2021,European hackberry (Celtis australis),Forest,13.7,,TRUE,4.8,,TRUE,9.9,,TRUE,,,TRUE,,,TRUE,,,TRUE,90% - 95%,7.5,
22,17,6/25/2021,European hackberry (Celtis australis),Forest,7,,TRUE,4.9,,TRUE,,,TRUE,,,TRUE,,,TRUE,,,TRUE,90% - 95%,6.5,
22,18,6/25/2021,European hackberry (Celtis australis),Forest,7.3,,TRUE,,,TRUE,,,TRUE,,,TRUE,,,TRUE,,,TRUE,100%,7,
22,19,6/25/2021,European hackberry (Celtis australis),Forest,21.2,,TRUE,,,TRUE,,,TRUE,,,TRUE,,,TRUE,,,TRUE,100%,10,
22,20,6/25/2021,European hackberry (Celtis australis),Forest,5.7,,TRUE,9.9,,TRUE,,,TRUE,,,TRUE,,,TRUE,,,TRUE,95% - 99%,8,
22,21,6/25/2021,European hackberry (Celtis australis),Forest,20.7,,TRUE,21,,TRUE,,,TRUE,,,TRUE,,,TRUE,,,TRUE,100%,13,
22,22,6/25/2021,European hackberry (Celtis australis),Forest,8,,TRUE,,,TRUE,,,TRUE,,,TRUE,,,TRUE,,,TRUE,90% - 95%,6.5,
22,23,6/25/2021,Oneseed hawthorn (Crataegus monogyna),Forest,7.3,,TRUE,7.3,,TRUE,10.2,,TRUE,,,TRUE,,,TRUE,,,TRUE,100%,5,
22,24,6/25/2021,European hackberry (Celtis australis),Forest,5.7,,TRUE,5.1,,TRUE,,,TRUE,,,TRUE,,,TRUE,,,TRUE,70% - 75%,7,
22,25,6/25/2021,Black locust (Robinia pseudoacacia),Forest,8,,TRUE,,,TRUE,,,TRUE,,,TRUE,,,TRUE,,,TRUE,95% - 99%,6,
23,1,6/21/2021,Field elm (Ulmus minor),Forest,9.9,,TRUE,,,TRUE,,,TRUE,,,TRUE,,,TRUE,,,TRUE,100%,5,
23,2,6/21/2021,sycamore spp (Platanus),Forest,8.6,,TRUE,,,TRUE,,,TRUE,,,TRUE,,,TRUE,,,TRUE,100%,7,
23,3,6/21/2021,Field elm (Ulmus minor),Forest,5.7,,TRUE,5.7,,TRUE,,,TRUE,,,TRUE,,,TRUE,,,TRUE,90% - 95%,4.5,
23,4,6/21/2021,European hackberry (Celtis australis),Forest,6.4,,TRUE,,,TRUE,,,TRUE,,,TRUE,,,TRUE,,,TRUE,100%,6,
23,5,6/21/2021,Black poplar (Populus nigra),Forest,66.8,,TRUE,,,TRUE,,,TRUE,,,TRUE,,,TRUE,,,TRUE,90% - 95%,18,
23,6,6/21/2021,European hackberry (Celtis australis),Forest,7.6,,TRUE,,,TRUE,,,TRUE,,,TRUE,,,TRUE,,,TRUE,100%,5,
23,7,6/21/2021,Field elm (Ulmus minor),Forest,16.5,,TRUE,,,TRUE,,,TRUE,,,TRUE,,,TRUE,,,TRUE,75% - 80%,8,
23,8,6/21/2021,Field elm (Ulmus minor),Forest,28,,TRUE,,,TRUE,,,TRUE,,,TRUE,,,TRUE,,,TRUE,95% - 99%,10,
23,9,6/21/2021,Field elm (Ulmus minor),Forest,18.5,,TRUE,,,TRUE,,,TRUE,,,TRUE,,,TRUE,,,TRUE,100%,9,
23,10,6/21/2021,Field elm (Ulmus minor),Forest,18.8,,TRUE,13.1,,TRUE,13.7,,TRUE,,,TRUE,,,TRUE,,,TRUE,95% - 99%,10,
23,11,6/21/2021,Field elm (Ulmus minor),Forest,20.4,,TRUE,19.7,,TRUE,,,TRUE,,,TRUE,,,TRUE,,,TRUE,90% - 95%,10,Presenza di Luppolo rampicante.
23,12,6/21/2021,European hackberry (Celtis australis),Forest,7,,TRUE,,,TRUE,,,TRUE,,,TRUE,,,TRUE,,,TRUE,100%,5,
23,13,6/21/2021,Field elm (Ulmus minor),Forest,12.1,,TRUE,,,TRUE,,,TRUE,,,TRUE,,,TRUE,,,TRUE,100%,8,
24,1,6/21/2021,European hackberry (Celtis australis),Forest,8.9,,TRUE,,,TRUE,,,TRUE,,,TRUE,,,TRUE,,,TRUE,100%,5,
24,2,6/21/2021,European black elderberry (Sambucus nigra),Forest,10.8,,TRUE,8,,TRUE,14.3,,TRUE,41.4,,TRUE,,,TRUE,,,TRUE,50% - 55%,3.5,
24,3,6/21/2021,Black locust (Robinia pseudoacacia),Forest,22.9,,TRUE,,,TRUE,,,TRUE,,,TRUE,,,TRUE,,,TRUE,70% - 75%,9.5,
24,4,6/21/2021,Black locust (Robinia pseudoacacia),Forest,12.4,,TRUE,7,,TRUE,9.6,,TRUE,,,TRUE,,,TRUE,,,TRUE,75% - 80%,9,
24,5,6/21/2021,European hackberry (Celtis australis),Forest,7,,TRUE,,,TRUE,,,TRUE,,,TRUE,,,TRUE,,,TRUE,100%,5,
24,6,6/21/2021,Black locust (Robinia pseudoacacia),Forest,11.5,,TRUE,5.7,,TRUE,,,TRUE,,,TRUE,,,TRUE,,,TRUE,75% - 80%,4,
24,9,6/21/2021,Black locust (Robinia pseudoacacia),Forest,35.3,,TRUE,,,TRUE,,,TRUE,,,TRUE,,,TRUE,,,TRUE,100%,15,
24,10,6/21/2021,Black locust (Robinia pseudoacacia),Forest,11.8,,TRUE,,,TRUE,,,TRUE,,,TRUE,,,TRUE,,,TRUE,75% - 80%,7.5,
24,11,6/21/2021,Black locust (Robinia pseudoacacia),Forest,60.5,,TRUE,8,,TRUE,5.4,,TRUE,,,TRUE,,,TRUE,,,TRUE,75% - 80%,15,
24,12,6/21/2021,European hackberry (Celtis australis),Forest,43,,TRUE,,,TRUE,,,TRUE,,,TRUE,,,TRUE,,,TRUE,85% - 90%,8,
24,13,6/21/2021,Black locust (Robinia pseudoacacia),Forest,15,,TRUE,,,TRUE,,,TRUE,,,TRUE,,,TRUE,,,TRUE,55% - 60%,12,
24,14,6/21/2021,Black locust (Robinia pseudoacacia),Forest,11.8,,TRUE,,,TRUE,,,TRUE,,,TRUE,,,TRUE,,,TRUE,75% - 80%,7.5,
24,15,6/21/2021,Black locust (Robinia pseudoacacia),Forest,43,,TRUE,,,TRUE,,,TRUE,,,TRUE,,,TRUE,,,TRUE,85% - 90%,8,
24,16,6/21/2021,Black locust (Robinia pseudoacacia),Forest,15,,TRUE,,,TRUE,,,TRUE,,,TRUE,,,TRUE,,,TRUE,55% - 60%,12,
24,17,6/21/2021,Black locust (Robinia pseudoacacia),Forest,28.6,,TRUE,,,TRUE,,,TRUE,,,TRUE,,,TRUE,,,TRUE,65% - 70%,13,
24,18,6/21/2021,Black locust (Robinia pseudoacacia),Forest,8.3,,TRUE,,,TRUE,,,TRUE,,,TRUE,,,TRUE,,,TRUE,55% - 60%,4,Presenza di fungo - Ganoderma
24,19,6/21/2021,Black locust (Robinia pseudoacacia),Forest,9.6,,TRUE,,,TRUE,,,TRUE,,,TRUE,,,TRUE,,,TRUE,75% - 80%,6,
24,20,6/21/2021,Black locust (Robinia pseudoacacia),Forest,76.4,,TRUE,,,TRUE,,,TRUE,,,TRUE,,,TRUE,,,TRUE,85% - 90%,21,
24,21,6/21/2021,Black locust (Robinia pseudoacacia),Forest,79.6,,TRUE,,,TRUE,,,TRUE,,,TRUE,,,TRUE,,,TRUE,85% - 90%,21,
24,22,6/21/2021,Black locust (Robinia pseudoacacia),Forest,46.5,,TRUE,,,TRUE,,,TRUE,,,TRUE,,,TRUE,,,TRUE,100%,18,
24,23,6/21/2021,Black locust (Robinia pseudoacacia),Forest,7.3,,TRUE,,,TRUE,,,TRUE,,,TRUE,,,TRUE,,,TRUE,40% - 45%,3,
24,24,6/21/2021,Black locust (Robinia pseudoacacia),Forest,14,,TRUE,,,TRUE,,,TRUE,,,TRUE,,,TRUE,,,TRUE,35% - 40%,5,
24,25,6/21/2021,Black locust (Robinia pseudoacacia),Forest,7.3,,TRUE,,,TRUE,,,TRUE,,,TRUE,,,TRUE,,,TRUE,75% - 80%,5,
24,26,6/21/2021,Black locust (Robinia pseudoacacia),Forest,13.7,,TRUE,,,TRUE,,,TRUE,,,TRUE,,,TRUE,,,TRUE,25% - 30%,3,
24,27,6/21/2021,Black locust (Robinia pseudoacacia),Forest,35,,TRUE,,,TRUE,,,TRUE,,,TRUE,,,TRUE,,,TRUE,85% - 90%,20,
24,28,6/21/2021,Black locust (Robinia pseudoacacia),Forest,31.8,,TRUE,,,TRUE,,,TRUE,,,TRUE,,,TRUE,,,TRUE,85% - 90%,20,
24,29,6/21/2021,Black locust (Robinia pseudoacacia),Forest,43.3,,TRUE,,,TRUE,,,TRUE,,,TRUE,,,TRUE,,,TRUE,90% - 95%,20,
24,30,6/21/2021,Black locust (Robinia pseudoacacia),Forest,6.4,,TRUE,,,TRUE,,,TRUE,,,TRUE,,,TRUE,,,TRUE,55% - 60%,7,
24,31,6/21/2021,Black locust (Robinia pseudoacacia),Forest,12.4,,TRUE,,,TRUE,,,TRUE,,,TRUE,,,TRUE,,,TRUE,65% - 70%,12,
24,32,6/21/2021,Black locust (Robinia pseudoacacia),Forest,6.7,,TRUE,,,TRUE,,,TRUE,,,TRUE,,,TRUE,,,TRUE,75% - 80%,5,
24,33,6/21/2021,Black locust (Robinia pseudoacacia),Forest,9.2,,TRUE,,,TRUE,,,TRUE,,,TRUE,,,TRUE,,,TRUE,55% - 60%,5,
24,34,6/21/2021,Black locust (Robinia pseudoacacia),Forest,43,,TRUE,,,TRUE,,,TRUE,,,TRUE,,,TRUE,,,TRUE,85% - 90%,21,
24,35,6/21/2021,European hackberry (Celtis australis),Forest,6.4,,TRUE,,,TRUE,,,TRUE,,,TRUE,,,TRUE,,,TRUE,75% - 80%,7,
24,36,6/21/2021,European hackberry (Celtis australis),Forest,6.7,,TRUE,,,TRUE,,,TRUE,,,TRUE,,,TRUE,,,TRUE,65% - 70%,5,
24,37,6/21/2021,Black locust (Robinia pseudoacacia),Forest,12.1,,TRUE,,,TRUE,,,TRUE,,,TRUE,,,TRUE,,,TRUE,60% - 65%,7,
24,38,6/21/2021,European hackberry (Celtis australis),Forest,6.7,,TRUE,,,TRUE,,,TRUE,,,TRUE,,,TRUE,,,TRUE,100%,5,
24,39,6/21/2021,European black elderberry (Sambucus nigra),Forest,6.4,,TRUE,1.6,,TRUE,,,TRUE,,,TRUE,,,TRUE,,,TRUE,50% - 55%,2.5,
25,1,6/23/2021,European hackberry (Celtis australis),Forest,11.8,,TRUE,,,TRUE,,,TRUE,,,TRUE,,,TRUE,,,TRUE,100%,4.5,
25,2,6/23/2021,European hackberry (Celtis australis),Forest,21.6,,TRUE,,,TRUE,,,TRUE,,,TRUE,,,TRUE,,,TRUE,85% - 90%,5,Coperto d‚Äôala Robinia
25,3,6/23/2021,Black locust (Robinia pseudoacacia),Forest,24.8,,TRUE,14,,TRUE,19.1,,TRUE,,,TRUE,,,TRUE,,,TRUE,95% - 99%,12,
25,4,6/23/2021,Black locust (Robinia pseudoacacia),Forest,22.9,,TRUE,,,TRUE,,,TRUE,,,TRUE,,,TRUE,,,TRUE,100%,10,
25,5,6/23/2021,Black locust (Robinia pseudoacacia),Forest,23.9,,TRUE,19.7,,TRUE,26.7,,TRUE,15,,TRUE,,,TRUE,,,TRUE,100%,12,
25,6,6/23/2021,European hackberry (Celtis australis),Forest,11.1,,TRUE,,,TRUE,,,TRUE,,,TRUE,,,TRUE,,,TRUE,95% - 99%,5,
25,7,6/23/2021,Black locust (Robinia pseudoacacia),Forest,23.2,,TRUE,14,,TRUE,,,TRUE,,,TRUE,,,TRUE,,,TRUE,80% - 85%,6,
25,8,6/23/2021,Black locust (Robinia pseudoacacia),Forest,11.8,,TRUE,12.7,,TRUE,,,TRUE,,,TRUE,,,TRUE,,,TRUE,80% - 85%,8,
25,9,6/23/2021,Black mulberry (Morus nigra),Forest,7.6,,TRUE,8,,TRUE,,,TRUE,,,TRUE,,,TRUE,,,TRUE,100%,6,
25,10,6/23/2021,Black locust (Robinia pseudoacacia),Forest,17.5,,TRUE,12.1,,TRUE,16.9,,TRUE,,,TRUE,,,TRUE,,,TRUE,100%,8,
25,11,6/23/2021,Black locust (Robinia pseudoacacia),Forest,6.4,,TRUE,11.1,,TRUE,15.9,,TRUE,,,TRUE,,,TRUE,,,TRUE,100%,15,
25,12,6/23/2021,Black locust (Robinia pseudoacacia),Forest,18.5,,TRUE,,,TRUE,,,TRUE,,,TRUE,,,TRUE,,,TRUE,100%,14,
25,13,6/23/2021,White mulberry (Morus alba),Forest,11.1,,TRUE,,,TRUE,,,TRUE,,,TRUE,,,TRUE,,,TRUE,100%,7,
25,14,6/23/2021,Black locust (Robinia pseudoacacia),Forest,12.7,,TRUE,,,TRUE,,,TRUE,,,TRUE,,,TRUE,,,TRUE,100%,12,
25,15,6/23/2021,Black locust (Robinia pseudoacacia),Forest,20.7,,TRUE,,,TRUE,,,TRUE,,,TRUE,,,TRUE,,,TRUE,100%,13,
25,16,6/23/2021,Black locust (Robinia pseudoacacia),Forest,12.7,,TRUE,,,TRUE,,,TRUE,,,TRUE,,,TRUE,,,TRUE,95% - 99%,10,
